"city","type of sell","average market price"
"SAINT-ALBAN","Maison","2194"
"PLAINTEL","Maison","1633"
"YFFINIAC","Maison","1706"
"PLOUVARA","Maison","1452"
"PLELO","Maison","1385"
"LE FOEIL","Maison","1467"
"LANGUEUX","Maison","1981"
"QUINTIN","Maison","1226"
"CHATELAUDREN-PLOUAGAT","Maison","1248"
"SAINT-BRIEUC","Maison","1617"
"PLENEUF-VAL-ANDRE","Maison","2993"
"HILLION","Maison","1673"
"BINIC-ETABLES-SUR-MER","Maison","2543"
"COETMIEUX","Maison","1642"
"POMMERET","Maison","1595"
"PLOUFRAGAN","Maison","1658"
"PAIMPOL","Maison","2297"
"PLERIN","Maison","2009"
"TREMUSON","Maison","1498"
"QUESSOY","Maison","1623"
"PORDIC","Maison","1998"
"PLOURHAN","Maison","1642"
"LAMBALLE-ARMOR","Maison","1920"
"LA HARMOYE","Maison","1143"
"PLOEUC-L'HERMITAGE","Maison","1253"
"PLOUEZEC","Maison","1981"
"TREGUEUX","Maison","1742"
"LANFAINS","Maison","1390"
"SAINT-BRANDAN","Maison","1515"
"PLAINE-HAUTE","Maison","1574"
"PLEDRAN","Maison","1605"
"MONCONTOUR","Maison","1273"
"TREDANIEL","Maison","1415"
"PLURIEN","Maison","2252"
"LE MERZER","Maison","1418"
"TREMEVEN","Maison","1378"
"PLOUHA","Maison","1895"
"PLOUBAZLANEC","Maison","2803"
"SAINT-QUAY-PORTRIEUX","Maison","2549"
"PLOURIVO","Maison","1533"
"LANTIC","Maison","1747"
"PLEGUIEN","Maison","1726"
"ERQUY","Maison","2726"
"BREHAT","Maison","8252"
"POMMERIT-LE-VICOMTE","Maison","1283"
"LANLOUP","Maison","1587"
"LANVOLLON","Maison","1458"
"HENON","Maison","1632"
"COHINIAC","Maison","1154"
"SAINT-CARREUC","Maison","1344"
"BOQUEHO","Maison","1280"
"LE FAOUET","Maison","1297"
"YVIAS","Maison","1724"
"TREBRY","Maison","1379"
"SAINT-TRIMOEL","Maison","1291"
"LANNEBERT","Maison","1688"
"TREGOMEUR","Maison","1725"
"PLEHEDEL","Maison","1579"
"LA MEAUGON","Maison","1721"
"LANDEHEN","Maison","1439"
"GOMMENEC H","Maison","1673"
"BREHAND","Maison","1444"
"SAINT-JULIEN","Maison","1393"
"TRESSIGNAUX","Maison","1615"
"TREVENEUC","Maison","2024"
"SAINT-DONAN","Maison","1333"
"SAINT-GILDAS","Maison","1030"
"KERFOT","Maison","1409"
"NOYAL","Maison","1440"
"SAINT-RIEUL","Maison","1496"
"PLUDUAL","Maison","1480"
"TREGUIDEL","Maison","1390"
"PLERNEUF","Maison","1433"
"ANDEL","Maison","1818"
"SAINT-GLEN","Maison","1362"
"LE BODEO","Maison","2699"
"LA MALHOURE","Maison","1465"
"TREVEREC","Maison","1742"
"LANLEFF","Maison","0"
"PENGUILY","Maison","1162"
"LE VIEUX BOURG","Maison","1142"
"LE LESLAY","Maison","1128"
"QUINTENIC","Maison","1661"
"SAINT-BIHY","Maison","1114"
"JUGON-LES-LACS-COMMUNE NOUVELL","Maison","1432"
"LA LANDEC","Maison","1250"
"PLENEE-JUGON","Maison","1378"
"LA BOUILLIE","Maison","1772"
"LANDEBIA","Maison","1545"
"SAINT-JACUT-DE-LA-MER","Maison","3463"
"SAINT-CAST-LE-GUILDO","Maison","3012"
"SAINT-SAMSON-SUR-RANCE","Maison","1899"
"GUITTE","Maison","1311"
"PLESLIN-TRIGAVOU","Maison","1743"
"QUEVERT","Maison","1722"
"PLESTAN","Maison","1539"
"PLOUER-SUR-RANCE","Maison","3094"
"SEVIGNAC","Maison","1415"
"EVRAN","Maison","1458"
"PLOUASNE","Maison","1322"
"PLOREC-SUR-ARGUENON","Maison","1554"
"GUENROC","Maison","1254"
"SAINT-JUVAT","Maison","1372"
"SAINT-CARNE","Maison","1496"
"ROUILLAC","Maison","807"
"PLEVENON","Maison","2584"
"MATIGNON","Maison","1995"
"YVIGNAC-LA-TOUR","Maison","1052"
"TRELIVAN","Maison","1770"
"LA VICOMTE SUR RANCE","Maison","2061"
"BEAUSSAIS-SUR-MER","Maison","2555"
"TRAMAIN","Maison","1654"
"LANGUENAN","Maison","1783"
"PLEUDIHEN-SUR-RANCE","Maison","2036"
"PLUMAUDAN","Maison","1444"
"TREVRON","Maison","1335"
"FREHEL","Maison","2696"
"LES CHAMPS GERAUX","Maison","1727"
"LA CHAPELLE BLANCHE","Maison","1405"
"BROONS","Maison","1190"
"DINAN","Maison","2284"
"TADEN","Maison","1774"
"CORSEUL","Maison","2077"
"SAINT-HELEN","Maison","2448"
"LANVALLAY","Maison","1867"
"PLUMAUGAT","Maison","1002"
"SAINT-ANDRE-DES-EAUX","Maison","1586"
"BOURSEUL","Maison","1555"
"TREBEDAN","Maison","1363"
"LANRELAS","Maison","1028"
"PLELAN-LE-PETIT","Maison","1506"
"LE HINGLE","Maison","1652"
"PLUDUNO","Maison","1744"
"PLEDELIAC","Maison","1374"
"LANCIEUX","Maison","3475"
"EREAC","Maison","891"
"PLEBOULLE","Maison","1764"
"TREDIAS","Maison","1040"
"LANGROLAY-SUR-RANCE","Maison","2232"
"RUCA","Maison","2050"
"PLEVEN","Maison","1266"
"CALORGUEN","Maison","1686"
"PLANCOET","Maison","1607"
"SAINT MELOIR DES BOIS","Maison","1406"
"SAINT-MICHEL-DE-PLELAN","Maison","1147"
"SAINT-LORMEL","Maison","1766"
"LANGUEDIAS","Maison","1310"
"HENANSAL","Maison","1485"
"MEGRIT","Maison","1233"
"HENANBIHEN","Maison","1920"
"TREMEUR","Maison","1074"
"BRUSVILY","Maison","1473"
"CAULNES","Maison","1276"
"TREMEREUC","Maison","2208"
"SAINT-POTAN","Maison","1530"
"SAINT-JUDOCE","Maison","1385"
"AUCALEUC","Maison","1661"
"CREHEN","Maison","1772"
"VILDE-GUINGALAN","Maison","1812"
"BOBITAL","Maison","1987"
"SAINT-MADEN","Maison","1175"
"SAINT-DENOUAL","Maison","1693"
"SAINT-JOUAN-DE-L ISLE","Maison","1103"
"SAINT-MAUDEZ","Maison","1500"
"TREFUMEL","Maison","1386"
"LE QUIOU","Maison","945"
"SAINT-CLET","Maison","1176"
"KERPERT","Maison","882"
"PLOUMAGOAR","Maison","1387"
"PLOUEC-DU-TRIEUX","Maison","1068"
"PLOUGUERNEVEL","Maison","826"
"ROSTRENEN","Maison","882"
"GRACES","Maison","1310"
"BEGARD","Maison","1281"
"BRINGOLO","Maison","1719"
"LANRODEC","Maison","1320"
"BULAT-PESTIVIEN","Maison","942"
"ST NICOLAS DU PELEM","Maison","991"
"PABU","Maison","1458"
"GUINGAMP","Maison","1276"
"LOUARGAT","Maison","1307"
"PLEVIN","Maison","1075"
"LANRIVAIN","Maison","739"
"TREBRIVAN","Maison","830"
"PLOUNEVEZ QUINTIN","Maison","896"
"PLOEZAL","Maison","1177"
"TREGONNEAU","Maison","1027"
"BELLE ISLE EN TERRE","Maison","938"
"GOUDELIN","Maison","1453"
"CALLAC","Maison","784"
"LOCARN","Maison","1126"
"LE MOUSTOIR","Maison","1008"
"MAEL CARHAIX","Maison","902"
"ST AGATHON","Maison","1357"
"SAINTE-TREPHINE","Maison","1182"
"MAEL-PESTIVIEN","Maison","781"
"PEDERNEC","Maison","1148"
"KERMOROCH","Maison","1295"
"PAULE","Maison","1040"
"TREMARGAT","Maison","834"
"QUEMPER GUEZENNEC","Maison","1264"
"PLESIDY","Maison","1403"
"GURUNHUEL","Maison","1158"
"CALANHEL","Maison","1172"
"SAINT-GILLES-PLIGEAUX","Maison","879"
"PLOUGONVER","Maison","936"
"PONTRIEUX","Maison","1133"
"SAINT-GILLES-LES-BOIS","Maison","1038"
"TREGLAMUS","Maison","1130"
"RUNAN","Maison","736"
"SQUIFFIEC","Maison","1090"
"GLOMEL","Maison","1207"
"DUAULT","Maison","926"
"SAINT-SERVAIS","Maison","1105"
"SAINT-PEVER","Maison","1202"
"BOURBRIAC","Maison","1167"
"SAINT-LAURENT","Maison","1356"
"KERGRIST-MOELOU","Maison","882"
"KERIEN","Maison","802"
"BRELIDY","Maison","1193"
"PLOURAC H","Maison","989"
"SENVEN-LEHART","Maison","1489"
"PLOUISY","Maison","1233"
"PONT-MELVEZ","Maison","760"
"PLUSQUELLEC","Maison","875"
"TREFFRIN","Maison","1110"
"SAINT-ADRIEN","Maison","1827"
"SAINT-FIACRE","Maison","1228"
"SAINT-CONNAN","Maison","915"
"LA CHAPELLE NEUVE","Maison","1647"
"CARNOET","Maison","779"
"LANDEBAERON","Maison","1032"
"TREOGAN","Maison","724"
"SAINT-JEAN-KERDANIEL","Maison","1600"
"MAGOAR","Maison","906"
"CANIHUEL","Maison","1098"
"MOUSTERU","Maison","926"
"COADOUT","Maison","1139"
"LOC-ENVEL","Maison","704"
"SAINT-NICODEME","Maison","659"
"PEUMERIT-QUINTIN","Maison","731"
"LOHUEC","Maison","935"
"PLOUMILLIAU","Maison","1563"
"PLOUZELAMBRE","Maison","1171"
"PLOULEC'H","Maison","1827"
"LANNION","Maison","1652"
"LOUANNEC","Maison","2239"
"PERROS-GUIREC","Maison","2560"
"PLOUGRESCANT","Maison","2300"
"PLEUMEUR-GAUTIER","Maison","1295"
"PLUZUNET","Maison","1228"
"CAVAN","Maison","1254"
"TREDREZ-LOCQUEMEAU","Maison","2129"
"PLEUMEUR-BODOU","Maison","2411"
"TREGASTEL","Maison","2650"
"PLOUBEZRE","Maison","1629"
"PENVENAN","Maison","2372"
"PLOUARET","Maison","1276"
"LE VIEUX MARCHE","Maison","1187"
"TREGUIER","Maison","1737"
"LOGUIVY-PLOUGRAS","Maison","1167"
"PLESTIN-LES-GREVES","Maison","1795"
"LANGOAT","Maison","1485"
"LA ROCHE-JAUDY","Maison","1298"
"COATREVEN","Maison","1581"
"LANMERIN","Maison","1541"
"TREVOU-TREGUIGNEC","Maison","2348"
"LEZARDRIEUX","Maison","2377"
"TRELEVERN","Maison","2140"
"MINIHY-TREGUIER","Maison","1602"
"TREMEL","Maison","1925"
"PLEUBIAN","Maison","1783"
"CAMLEZ","Maison","1377"
"TREGROM","Maison","1096"
"CAOUENNEC-LANVEZEAC","Maison","1223"
"TROGUERY","Maison","915"
"TREBEURDEN","Maison","2595"
"PLOUNERIN","Maison","1158"
"PLOUNEVEZ-MOEDEC","Maison","1014"
"ROSPEZ","Maison","1304"
"TONQUEDEC","Maison","1649"
"TREDARZEC","Maison","1426"
"PLUFUR","Maison","1320"
"LANVELLEC","Maison","1303"
"KERBORS","Maison","1907"
"PLEUDANIEL","Maison","1363"
"PLOUGUIEL","Maison","1650"
"KERMARIA-SULARD","Maison","1523"
"SAINT-MICHEL-EN-GREVE","Maison","1350"
"LANMODEZ","Maison","2132"
"SAINT-QUAY-PERROS","Maison","2561"
"PLOUGRAS","Maison","997"
"PRAT","Maison","1243"
"BERHET","Maison","1352"
"TREDUDER","Maison","1505"
"TREZENY","Maison","1327"
"QUEMPERVEN","Maison","878"
"COATASCORN","Maison","1564"
"CAUREL","Maison","1169"
"PLUSSULIEN","Maison","1034"
"GOUAREC","Maison","882"
"PLEMY","Maison","1207"
"CORLAY","Maison","787"
"LE MENE","Maison","1040"
"LA PRENESSAYE","Maison","897"
"SAINT-MARTIN-DES-PRES","Maison","894"
"TREMOREL","Maison","964"
"SAINT-CONNEC","Maison","1086"
"PLEMET","Maison","1178"
"PLUMIEUX","Maison","1281"
"SAINT-GILLES-VIEUX-MARCHE","Maison","966"
"LE LOSCOUET-SUR-MEU","Maison","1079"
"LESCOUET-GOUAREC","Maison","1158"
"PLELAUFF","Maison","1077"
"LE HAUT-CORLAY","Maison","1234"
"LE QUILLIO","Maison","1224"
"LOUDEAC","Maison","1277"
"LA CHEZE","Maison","985"
"MELLIONNEC","Maison","1732"
"PLOUGUENAST-LANGAST","Maison","983"
"LE CAMBOUT","Maison","604"
"SAINT-CARADEC","Maison","969"
"SAINT-BARNABE","Maison","1099"
"MERDRIGNAC","Maison","999"
"GUERLEDAN","Maison","1052"
"BON REPOS SUR BLAVET","Maison","1048"
"SAINT-MAYEUX","Maison","856"
"LAURENAN","Maison","856"
"MERILLAC","Maison","996"
"UZEL","Maison","947"
"TREVE","Maison","1103"
"SAINT-THELO","Maison","859"
"ILLIFAUT","Maison","784"
"GOMENE","Maison","916"
"GAUSSON","Maison","1342"
"HEMONSTOIR","Maison","998"
"SAINT-MAUDAN","Maison","1142"
"COETLOGON","Maison","1340"
"MERLEAC","Maison","945"
"GRACE-UZEL","Maison","963"
"SAINT-ETIENNE-DU-GUE-DE-L I","Maison","870"
"SAINT-VRAN","Maison","1253"
"LA MOTTE","Maison","1227"
"SAINT-HERVE","Maison","1492"
"SAINT-YGEAUX","Maison","1000"
"ALLINEUC","Maison","894"
"LA FORET-FOUESNANT","Maison","2389"
"CLEDEN-CAP SIZUN","Maison","1256"
"QUIMPER","Maison","1905"
"PLOMELIN","Maison","1767"
"PENMARCH","Maison","1887"
"GUILVINEC","Maison","1712"
"DOUARNENEZ","Maison","1619"
"AUDIERNE","Maison","2301"
"PLOUHINEC","Maison","2237"
"TREGUENNEC","Maison","2405"
"POULDREUZIC","Maison","1422"
"PONT L ABBE","Maison","1925"
"PLOBANNALEC LESCONIL","Maison","1895"
"LOCTUDY","Maison","2124"
"PLOGASTEL ST GERMAIN","Maison","1457"
"PLOZEVET","Maison","1555"
"BENODET","Maison","2938"
"FOUESNANT","Maison","2732"
"ERGUE GABERIC","Maison","1643"
"PLONEIS","Maison","1812"
"PLOGOFF","Maison","1618"
"PLOVAN","Maison","1866"
"PLUGUFFAN","Maison","1692"
"COMBRIT","Maison","2128"
"PLONEOUR LANVERN","Maison","3163"
"ST EVARZEC","Maison","1769"
"PLOMEUR","Maison","2320"
"PLOGONNEC","Maison","1632"
"LANDUDEC","Maison","1224"
"CONFORT MEILARS","Maison","1175"
"POULDERGAT","Maison","1712"
"GOUESNACH","Maison","2026"
"PLEUVEN","Maison","1894"
"TREFFIAGAT","Maison","2508"
"PONT CROIX","Maison","1392"
"PRIMELIN","Maison","1710"
"LE JUCH","Maison","2026"
"MAHALON","Maison","3036"
"BEUZEC CAP SIZUN","Maison","1387"
"PEUMERIT","Maison","1263"
"QUIMPERLE","Maison","1683"
"SCAER","Maison","1130"
"PONT-DE-BUIS-LES-QUIMERC'H","Maison","1232"
"CONCARNEAU","Maison","2281"
"RIEC SUR BELON","Maison","1932"
"CROZON","Maison","2331"
"CHATEAUNEUF-DU-FAOU","Maison","987"
"ELLIANT","Maison","1247"
"LOTHEY","Maison","1181"
"PLOUNEVEZEL","Maison","1227"
"BANNALEC","Maison","1485"
"BRASPARTS","Maison","763"
"LANDUDAL","Maison","1741"
"PORT-LAUNAY","Maison","1003"
"ROSPORDEN","Maison","1433"
"CARHAIX-PLOUGUER","Maison","1055"
"MELGVEN","Maison","1794"
"CAMARET-SUR-MER","Maison","1830"
"SAINT GOAZEC","Maison","907"
"COLLOREC","Maison","647"
"LEUHAN","Maison","975"
"PLEYBEN","Maison","1111"
"LE FAOU","Maison","1443"
"LE HUELGOAT","Maison","1289"
"POULLAN SUR MER","Maison","1756"
"TREGOUREZ","Maison","927"
"SCRIGNAC","Maison","890"
"TREGUNC","Maison","2293"
"CHATEAULIN","Maison","1254"
"LE TREVOUX","Maison","1509"
"LANVEOC","Maison","1934"
"BRIEC","Maison","1535"
"EDERN","Maison","1621"
"MOELAN SUR MER","Maison","2264"
"MELLAC","Maison","1705"
"PLOUYE","Maison","943"
"POULLAOUEN","Maison","948"
"NEVEZ","Maison","2390"
"PLOMODIERN","Maison","1700"
"GOUEZEC","Maison","1742"
"LANDELEAU","Maison","731"
"CORAY","Maison","1374"
"BAYE","Maison","1552"
"LOCRONAN","Maison","2071"
"LANGOLEN","Maison","1416"
"PONT-AVEN","Maison","1798"
"CLOHARS CARNOET","Maison","2558"
"QUERRIEN","Maison","1588"
"DINEAULT","Maison","1265"
"ARGOL","Maison","1554"
"SPEZET","Maison","847"
"REDENE","Maison","1536"
"BERRIEN","Maison","1183"
"SAINT YVI","Maison","1563"
"CAST","Maison","1176"
"PLONEVEZ-PORZAY","Maison","1367"
"ST THURIEN","Maison","1087"
"CLOHARS FOUESNANT","Maison","2221"
"TOURCH","Maison","1212"
"ARZANO","Maison","1393"
"LOCUNOLE","Maison","1237"
"GUILLIGOMARCH","Maison","1409"
"PLOUZANE","Maison","1862"
"PLOUDALMEZEAU","Maison","1874"
"GUILERS","Maison","1939"
"BREST","Maison","2006"
"SAINT-PABU","Maison","1850"
"LANDUNVEZ","Maison","2441"
"PLOURIN","Maison","1677"
"LOCMARIA-PLOUZANE","Maison","2289"
"GOUESNOU","Maison","1975"
"SAINT RENAN","Maison","1903"
"BRELES","Maison","1941"
"LAMPAUL-PLOUARZEL","Maison","1946"
"PLOUARZEL","Maison","1993"
"PORSPODER","Maison","1984"
"LAMPAUL-PLOUDALMEZEAU","Maison","1854"
"BOHARS","Maison","1984"
"LE CONQUET","Maison","2187"
"PLOUMOGUER","Maison","1942"
"LANRIVOARE","Maison","1641"
"PLOUGONVELIN","Maison","2598"
"PLOUGUIN","Maison","1459"
"LANILDUT","Maison","1668"
"TREBABU","Maison","1577"
"SAINT-MARTIN-DES-CHAMPS","Maison","1281"
"SAINT-URBAIN","Maison","1793"
"PLOUENAN","Maison","1189"
"MILIZAC-GUIPRONVEL","Maison","1717"
"TREGLONOU","Maison","1507"
"TREGARANTEC","Maison","1358"
"GARLAN","Maison","1295"
"PLOURIN-LES-MORLAIX","Maison","1281"
"CLEDER","Maison","1448"
"PLOUVORN","Maison","1243"
"SAINT-POL-DE-LEON","Maison","1535"
"SAINT-DERRIEN","Maison","1111"
"MORLAIX","Maison","1395"
"LANNILIS","Maison","1614"
"LANDERNEAU","Maison","1764"
"DIRINON","Maison","1979"
"PLOUEGAT-MOYSAN","Maison","1233"
"PLOUGASNOU","Maison","2462"
"PLOUNEOUR-BRIGNOGAN-PLAGES","Maison","1857"
"LE RELECQ-KERHUON","Maison","2386"
"LANDIVISIAU","Maison","1333"
"PLOUNEVENTER","Maison","1248"
"SAINT-SAUVEUR","Maison","1147"
"SAINT-THEGONNEC LOC-EGUINER","Maison","1110"
"PLOUGASTEL-DAOULAS","Maison","2127"
"PLABENNEC","Maison","1861"
"PLOUEZOC'H","Maison","1960"
"PLOUGONVEN","Maison","1840"
"TAULE","Maison","1151"
"CARANTEC","Maison","2507"
"OUESSANT","Maison","2674"
"LOPERHET","Maison","1987"
"PLOUGOULM","Maison","1397"
"PLOUGUERNEAU","Maison","1783"
"LOCQUIREC","Maison","2699"
"PLOUEGAT-GUERRAND","Maison","1170"
"LE CLOITRE-SAINT-THEGONNEC","Maison","1370"
"SANTEC","Maison","2177"
"PLEYBER-CHRIST","Maison","1281"
"LANNEANOU","Maison","920"
"PLOUNEVEZ-LOCHRIST","Maison","1426"
"GUIPAVAS","Maison","2095"
"LE FOLGOET","Maison","1499"
"PLOUZEVEDE","Maison","1156"
"PLOUIDER","Maison","1444"
"SAINT-FREGANT","Maison","1165"
"PLOUIGNEAU","Maison","1409"
"LANHOUARNEAU","Maison","1216"
"LE TREHOU","Maison","1150"
"PLOUESCAT","Maison","1602"
"LESNEVEN","Maison","1469"
"PLOUVIEN","Maison","1861"
"LAMPAUL-GUIMILIAU","Maison","1178"
"DAOULAS","Maison","1785"
"LANMEUR","Maison","1424"
"BODILIS","Maison","1146"
"LANDEDA","Maison","2260"
"PLOUDIRY","Maison","1373"
"LA ROCHE MAURICE","Maison","1559"
"COMMANA","Maison","795"
"LA MARTYRE","Maison","1282"
"LOGONNA-DAOULAS","Maison","1758"
"SAINTE-SEVE","Maison","1249"
"TREZILIDE","Maison","1141"
"GUERLESQUIN","Maison","1090"
"PLOUDANIEL","Maison","1711"
"SAINT-MEEN","Maison","1649"
"TREFLEZ","Maison","1495"
"LOCQUENOLE","Maison","1926"
"SIZUN","Maison","1097"
"GUIMILIAU","Maison","1122"
"GUISSENY","Maison","1587"
"L HOPITAL CAMFROUT","Maison","1729"
"GOULVEN","Maison","1201"
"GUIMAEC","Maison","1793"
"PENCRAN","Maison","1811"
"LA FOREST-LANDERNEAU","Maison","1793"
"ST DIVY","Maison","1695"
"PLOUGAR","Maison","1057"
"KERLOUAN","Maison","1657"
"BOURG BLANC","Maison","1760"
"PLOUNEOUR-MENEZ","Maison","1126"
"ST-JEAN-DU-DOIGT","Maison","1908"
"KERNILIS","Maison","1447"
"BOTSORHEL","Maison","1014"
"PLOUGOURVEST","Maison","1157"
"GUICLAN","Maison","1192"
"LANARVILY","Maison","1335"
"ROSCOFF","Maison","2401"
"HENVIC","Maison","1540"
"HANVEC","Maison","1692"
"TREMAOUEZAN","Maison","1358"
"LOCMELAR","Maison","1262"
"ILE-DE-BATZ","Maison","3178"
"PLOUEDERN","Maison","1579"
"KERSAINT PLABENNEC","Maison","2757"
"COAT MEAL","Maison","1730"
"SIBIRIL","Maison","1329"
"IRVILLAC","Maison","1551"
"MESPAUL","Maison","1088"
"LE DRENNEC","Maison","1574"
"ST THONAN","Maison","1687"
"SAINT-ELOY","Maison","1067"
"TREFLEVENEZ","Maison","1201"
"KERNOUES","Maison","1425"
"BOTMEUR","Maison","554"
"ROSCANVEL","Maison","1957"
"QUEMENEVEN","Maison","981"
"SAINT-NIC","Maison","1344"
"LENNON","Maison","905"
"SAINT-SEGAL","Maison","1119"
"ROSNOEN","Maison","1502"
"SAINT-COULITZ","Maison","1153"
"TELGRUC-SUR-MER","Maison","1850"
"SAINT-RIVOAL","Maison","691"
"LE CLOITRE-PLEYBEN","Maison","570"
"PLONEVEZ DU FAOU","Maison","838"
"SAINT HERNIN","Maison","1116"
"MOTREFF","Maison","931"
"SAINT THOIS","Maison","1039"
"LANDEVENNEC","Maison","1955"
"KERGLOFF","Maison","937"
"LOQUEFFRET","Maison","787"
"LA FEUILLEE","Maison","840"
"CLEDEN-POHER","Maison","1022"
"SAINT-VOUGAY","Maison","1250"
"TREFLAOUENAN","Maison","1271"
"LA CHAPELLE DES FOUGERETZ","Maison","3487"
"RENNES","Maison","4527"
"SAINT-GREGOIRE","Maison","3383"
"BOURGBARRE","Maison","2150"
"ACIGNE","Maison","2467"
"PACE","Maison","2798"
"MONTGERMONT","Maison","2698"
"ORGERES","Maison","2156"
"ST JACQUES DE LA LANDE","Maison","3474"
"BRUZ","Maison","3115"
"CESSON-SEVIGNE","Maison","3403"
"BETTON","Maison","2862"
"CHANTEPIE","Maison","2726"
"PONT-PEAN","Maison","2202"
"PARTHENAY-DE-BRETAGNE","Maison","2227"
"VEZIN-LE-COQUET","Maison","3085"
"SAINT-ERBLON","Maison","2207"
"NOYAL-CHATILLON-SUR-SEICHE","Maison","2554"
"VERN-SUR-SEICHE","Maison","2741"
"GEVEZE","Maison","2302"
"CHARTRES-DE-BRETAGNE","Maison","2825"
"MONTREUIL-LE-GAST","Maison","2073"
"DOMLOUP","Maison","2242"
"MONTREUIL-SUR-ILLE","Maison","1698"
"MORDELLES","Maison","2472"
"IFFENDIC","Maison","1794"
"JANZE","Maison","1833"
"BOISTRUDAN","Maison","1329"
"LA BOUEXIERE","Maison","2001"
"LIFFRE","Maison","2265"
"MONTAUBAN-DE-BRETAGNE","Maison","1808"
"LA MEZIERE","Maison","2651"
"GAEL","Maison","1079"
"SAINT-MEEN-LE-GRAND","Maison","1360"
"CHEVAIGNE","Maison","2523"
"LANDUJAN","Maison","1633"
"MELESSE","Maison","2598"
"QUEBRIAC","Maison","1856"
"LA CHAPELLE CHAUSSEE","Maison","1932"
"SAINT-GERMAIN-SUR-ILLE","Maison","2151"
"AMANLIS","Maison","1809"
"CORPS-NUDS","Maison","2041"
"QUEDILLAC","Maison","1588"
"L'HERMITAGE","Maison","2208"
"ROMILLE","Maison","2212"
"HEDE-BAZOUGES","Maison","2093"
"LANGAN","Maison","1987"
"BRETEIL","Maison","2210"
"IRODOUER","Maison","1791"
"AUBIGNE","Maison","2186"
"DINGE","Maison","1593"
"CHATEAUGIRON","Maison","2347"
"BREAL-SOUS-MONTFORT","Maison","2137"
"BECHEREL","Maison","1965"
"PIRE-CHANCE","Maison","1822"
"SAINT-MEDARD-SUR-ILLE","Maison","1871"
"SAINT-AUBIN-D AUBIGNE","Maison","2143"
"LIVRE-SUR-CHANGEON","Maison","1578"
"SAINT-SULPICE-LA-FORET","Maison","2180"
"CHAVAGNE","Maison","2308"
"LE VERGER","Maison","1777"
"MONTERFIL","Maison","1711"
"FEINS","Maison","1318"
"SENS-DE-BRETAGNE","Maison","1710"
"MOUAZE","Maison","2002"
"DOURDAIN","Maison","1657"
"SAINT-GILLES","Maison","2515"
"NOYAL-SUR-VILAINE","Maison","2678"
"SAINT-THURIAL","Maison","1787"
"CLAYES","Maison","1953"
"THORIGNE-FOUILLARD","Maison","2852"
"MINIAC-SOUS-BECHEREL","Maison","1680"
"GUIPEL","Maison","2366"
"TALENSAC","Maison","1751"
"BRECE","Maison","2276"
"CINTRE","Maison","1986"
"PLELAN-LE-GRAND","Maison","1728"
"LE RHEU","Maison","2498"
"ANDOUILLE-NEUVILLE","Maison","1505"
"SAINT-ARMEL","Maison","3012"
"PAIMPONT","Maison","1622"
"LA CHAPELLE DU LOU DU LAC","Maison","1861"
"LANGOUET","Maison","1852"
"SAINT-GONDRAN","Maison","1882"
"MUEL","Maison","1159"
"MAXENT","Maison","1712"
"BEDEE","Maison","1950"
"ERCE-PRES-LIFFRE","Maison","1952"
"MONTFORT-SUR-MEU","Maison","2063"
"BOISGERVILLY","Maison","1726"
"GAHARD","Maison","1564"
"SAINT-BRIEUC-DES-IFFS","Maison","1277"
"VIEUX-VY-SUR-COUESNON","Maison","1670"
"SERVON-SUR-VILAINE","Maison","2717"
"MEDREAC","Maison","1710"
"SAINT-MALON-SUR-MEL","Maison","1359"
"LA CHAPELLE THOUARAULT","Maison","2350"
"SAINT-PERN","Maison","1450"
"VIGNOC","Maison","1993"
"CARDROC","Maison","1616"
"LE CROUAIS","Maison","1296"
"LANRIGAN","Maison","2597"
"SAINT ONEN LA CHAPELLE","Maison","1406"
"TREFFENDEL","Maison","1572"
"PLEUMELEUC","Maison","2127"
"NOUVOITOU","Maison","2369"
"ROMAZY","Maison","1106"
"CHASNE-SUR-ILLET","Maison","1953"
"BRIE","Maison","2180"
"SAINT-SYMPHORIEN","Maison","2269"
"SAINT-UNIAC","Maison","1488"
"SAINT-PERAN","Maison","1941"
"SAINT-GONLAY","Maison","1577"
"SAINT-MAUGAN","Maison","1234"
"LES IFFS","Maison","1506"
"LES PORTES DU COGLAIS","Maison","1196"
"MARCILLE-RAOUL","Maison","1167"
"LUITRE-DOMPIERRE","Maison","1358"
"GOSNE","Maison","2143"
"BAZOUGES-LA-PEROUSE","Maison","1204"
"VAL-COUESNON","Maison","1179"
"JAVENE","Maison","1549"
"RIVES-DU-COUESNON","Maison","1427"
"COMBOURTILLE","Maison","1234"
"SAINT-GERMAIN-EN-COGLES","Maison","1425"
"FOUGERES","Maison","1646"
"PARIGNE","Maison","1494"
"LE FERRE","Maison","875"
"LAIGNELET","Maison","1763"
"ST CHRISTOPHE DE VALAINS","Maison","1253"
"MAEN ROCH","Maison","1417"
"SAINT-REMY-DU-PLAIN","Maison","1396"
"PARCE","Maison","1672"
"MEZIERES-SUR-COUESNON","Maison","1615"
"ROMAGNE","Maison","1709"
"SAINT-HILAIRE-DES-LANDES","Maison","1385"
"ST GEORGES DE REINTEMBAULT","Maison","1026"
"FLEURIGNE","Maison","1226"
"POILLEY","Maison","1437"
"LECOUSSE","Maison","1619"
"SAINT-SAUVEUR-DES-LANDES","Maison","1430"
"BILLE","Maison","1406"
"SAINT-AUBIN-DU-CORMIER","Maison","1904"
"SAINT-OUEN-DES-ALLEUX","Maison","1556"
"LOUVIGNE-DU-DESERT","Maison","1128"
"LE LOROUX","Maison","1223"
"NOYAL-SOUS-BAZOUGES","Maison","1543"
"CHAUVIGNE","Maison","1574"
"SAINT-MARC-LE-BLANC","Maison","1005"
"LANDEAN","Maison","1202"
"MELLE","Maison","957"
"BEAUCE","Maison","1399"
"LA BAZOUGE DU DESERT","Maison","1373"
"VILLAMEE","Maison","1662"
"LA CHAPELLE JANSON","Maison","1171"
"RIMOU","Maison","987"
"LE CHATELLIER","Maison","1297"
"MONTHAULT","Maison","932"
"LA CHAPELLE SAINT AUBERT","Maison","1091"
"LE TIERCENT","Maison","4114"
"LA SELLE-EN-LUITRE","Maison","1106"
"REDON","Maison","1555"
"SAINT-SENOUX","Maison","1743"
"VAL D'ANAST","Maison","1355"
"LAILLE","Maison","2355"
"CHANTELOUP","Maison","1917"
"LE SEL DE BRETAGNE","Maison","1682"
"SAINTE-MARIE","Maison","1388"
"SIXT-SUR-AFF","Maison","1176"
"COMBLESSAC","Maison","1409"
"BAINS-SUR-OUST","Maison","1347"
"PIPRIAC","Maison","1269"
"GUIPRY-MESSAC","Maison","1481"
"GUIGNEN","Maison","1920"
"RENAC","Maison","1524"
"LANGON","Maison","1288"
"GOVEN","Maison","2593"
"CREVIN","Maison","1771"
"GRAND-FOUGERAY","Maison","1255"
"LA CHAPELLE-DE-BRAIN","Maison","1034"
"SAINTE-ANNE-SUR-VILAINE","Maison","1347"
"SAULNIERES","Maison","1596"
"BOURG-DES-COMPTES","Maison","1931"
"GUICHEN","Maison","2372"
"BAIN-DE-BRETAGNE","Maison","1767"
"PANCE","Maison","1728"
"BAULON","Maison","1913"
"ERCE-EN-LAMEE","Maison","1323"
"SAINT-SEGLIN","Maison","1517"
"PLECHATEL","Maison","1643"
"LA CHAPELLE BOUEXIC","Maison","1610"
"LASSY","Maison","2383"
"SAINT-JUST","Maison","1535"
"SAINT-GANTON","Maison","882"
"LIEURON","Maison","1340"
"LE PETIT FOUGERAY","Maison","2361"
"SAINT-SULPICE-DES-LANDES","Maison","1110"
"LA COUYERE","Maison","1353"
"LA NOE BLANCHE","Maison","1260"
"POLIGNE","Maison","1622"
"DOMINELAIS (LA)","Maison","1329"
"TEILLAY","Maison","1250"
"TRESBOEUF","Maison","1304"
"LA BOSSE DE BRETAGNE","Maison","1572"
"BOVEL","Maison","1656"
"LOHEAC","Maison","1228"
"SAINT-MALO-DE-PHILY","Maison","1647"
"MERNEL","Maison","1416"
"LALLEU","Maison","1361"
"LES BRULAIS","Maison","1133"
"LA DOMINELAIS","Maison","1206"
"BRUC-SUR-AFF","Maison","1608"
"LOUTEHEL","Maison","1287"
"COMBOURG","Maison","1929"
"SAINT-SULIAC","Maison","3421"
"MEILLAC","Maison","1630"
"CANCALE","Maison","3587"
"SAINT-PERE-MARC-EN-POULET","Maison","2323"
"LA RICHARDAIS","Maison","2690"
"SAINT-JOUAN-DES-GUERETS","Maison","2695"
"PLERGUER","Maison","1736"
"SAINT-BRIAC-SUR-MER","Maison","4192"
"HIREL","Maison","1936"
"SAINT-MALO","Maison","3866"
"SAINT-MELOIR-DES-ONDES","Maison","2708"
"MESNIL ROC'H","Maison","1419"
"CHERRUEIX","Maison","2289"
"LA BOUSSAC","Maison","1140"
"LONGAULNAY","Maison","1579"
"SAINT-DOMINEUC","Maison","1777"
"PLEURTUIT","Maison","2631"
"ROZ-SUR-COUESNON","Maison","1424"
"MINIAC-MORVAN","Maison","1834"
"SAINT-BENOIT-DES-ONDES","Maison","2207"
"LA FRESNAIS","Maison","1737"
"SAINS","Maison","1108"
"SAINT-COULOMB","Maison","2920"
"SOUGEAL","Maison","991"
"SAINT-BROLADRE","Maison","1611"
"SAINT-LUNAIRE","Maison","4837"
"SAINT-GUINOUX","Maison","1790"
"TREVERIEN","Maison","1362"
"LA GOUESNIERE","Maison","2167"
"BAGUER-MORVAN","Maison","1513"
"SAINT-MARCAN","Maison","1362"
"TREMEHEUC","Maison","1631"
"EPINIAC","Maison","1743"
"DOL DE BRETAGNE","Maison","1957"
"LE TRONCHET","Maison","2055"
"PLEUGUENEUC","Maison","1715"
"LILLEMER","Maison","1516"
"DINARD","Maison","4131"
"CHATEAUNEUF-D ILLE-ET-VILAI","Maison","1735"
"PLESDER","Maison","1389"
"BONNEMAIN","Maison","1656"
"ROZ-LANDRIEUX","Maison","1918"
"MONT-DOL","Maison","2283"
"LA CHAPELLE AUX FILTZMEENS","Maison","1531"
"LA VILLE ES NONAIS","Maison","2119"
"LA BAUSSAINE","Maison","1710"
"PLEINE-FOUGERES","Maison","1239"
"TINTENIAC","Maison","1838"
"LE VIVIER SUR MER","Maison","1740"
"BAGUER-PICAN","Maison","1515"
"CUGUEN","Maison","1294"
"TRANS-LA-FORET","Maison","1532"
"BROUALAN","Maison","2402"
"SAINT-THUAL","Maison","2001"
"SAINT-GEORGES-DE-GREHAIGNE","Maison","1732"
"LOURMAIS","Maison","1666"
"LE MINIHIC SUR RANCE","Maison","2876"
"TRIMER","Maison","1967"
"VIEUX-VIEL","Maison","3372"
"SAINT-LEGER-DES-PRES","Maison","1182"
"THOURIE","Maison","1476"
"FORGES-LA-FORET","Maison","998"
"DOMAGNE","Maison","1835"
"CHATEAUBOURG","Maison","2031"
"RETIERS","Maison","1601"
"ARGENTRE-DU-PLESSIS","Maison","1599"
"LOUVIGNE-DE-BAIS","Maison","1460"
"LA GUERCHE-DE-BRETAGNE","Maison","1224"
"LE PERTRE","Maison","1178"
"RANNEE","Maison","1171"
"AVAILLES-SUR-SEICHE","Maison","1378"
"MARTIGNE-FERCHAUD","Maison","1293"
"SAINT-JEAN-SUR-VILAINE","Maison","1872"
"VAL-D'IZE","Maison","1669"
"VITRE","Maison","2223"
"BAIS","Maison","1595"
"LANDAVRAN","Maison","1426"
"BREAL-SOUS-VITRE","Maison","1245"
"CORNILLE","Maison","1545"
"BALAZE","Maison","1413"
"SAINT-M'HERVE","Maison","1519"
"MONDEVERT","Maison","1464"
"LA CHAPELLE-ERBREE","Maison","1362"
"TORCE","Maison","1494"
"SAINT-CHRISTOPHE-DES-BOIS","Maison","1458"
"SAINT-DIDIER","Maison","2057"
"MOUTIERS","Maison","1168"
"VERGEAL","Maison","1260"
"VISSEICHE","Maison","1385"
"MECE","Maison","1243"
"LE THEIL-DE-BRETAGNE","Maison","1596"
"DOMALAIN","Maison","1476"
"MONTREUIL-SOUS-PEROUSE","Maison","1486"
"POCE-LES-BOIS","Maison","1755"
"MOULINS","Maison","1489"
"COESMES","Maison","1223"
"ESSE","Maison","2005"
"SAINT-GERMAIN-DU-PINEL","Maison","1491"
"BRIELLES","Maison","968"
"EANCE","Maison","949"
"ETRELLES","Maison","1866"
"LA SELLE-GUERCHAISE","Maison","1342"
"MARPIRE","Maison","1367"
"ERBREE","Maison","1552"
"CHATILLON-EN-VENDELAIS","Maison","1309"
"SAINTE-COLOMBE","Maison","1416"
"MARCILLE-ROBERT","Maison","1271"
"GENNES-SUR-SEICHE","Maison","1631"
"TAILLIS","Maison","1336"
"DROUGES","Maison","1237"
"CHAMPEAUX","Maison","1592"
"MONTREUIL-DES-LANDES","Maison","1288"
"PRINCE","Maison","1133"
"ARBRISSEL","Maison","1235"
"MONTAUTOUR","Maison","917"
"SAINT-AUBIN-DES-LANDES","Maison","1597"
"MOUSSE","Maison","1237"
"CHELUN","Maison","998"
"SULNIAC","Maison","2208"
"LA TRINITE SURZUR","Maison","2127"
"AMBON","Maison","2335"
"TREDION","Maison","1532"
"GRANDCHAMP","Maison","2218"
"SAINT-GILDAS-DE-RHUYS","Maison","3561"
"SARZEAU","Maison","3204"
"NOYAL-MUZILLAC","Maison","2121"
"SAINT-CONGARD","Maison","1154"
"MONTERBLANC","Maison","2012"
"ELVEN","Maison","1935"
"LES FOUGERETS","Maison","1260"
"MALANSAC","Maison","1444"
"PEAULE","Maison","1881"
"QUESTEMBERT","Maison","1715"
"CADEN","Maison","1509"
"VANNES","Maison","3258"
"PENESTIN","Maison","2979"
"THEIX-NOYALO","Maison","2506"
"SAINT-VINCENT-SUR-OUST","Maison","1301"
"BRANDIVY","Maison","3332"
"LIMERZEL","Maison","1332"
"SAINT-AVE","Maison","2579"
"BADEN","Maison","3743"
"PEILLAC","Maison","1269"
"DAMGAN","Maison","3392"
"TREFFLEAN","Maison","1906"
"NIVILLAC","Maison","1986"
"LAUZACH","Maison","1839"
"SAINT-NOLFF","Maison","2086"
"SAINT-PERREUX","Maison","1233"
"ALLAIRE","Maison","1502"
"LE TOUR DU PARC","Maison","2880"
"BERRIC","Maison","2158"
"CARENTOIR","Maison","1308"
"LA GACILLY","Maison","1224"
"LE HEZO","Maison","3065"
"THEHILLAC","Maison","1360"
"SENE","Maison","3313"
"PLOEREN","Maison","2510"
"LOCMARIA-GRANDCHAMP","Maison","2239"
"RIEUX","Maison","1191"
"ILE-D ARZ","Maison","3541"
"BEGANNE","Maison","1480"
"MOLAC","Maison","1397"
"ARRADON","Maison","3856"
"ARZON","Maison","4263"
"MUZILLAC","Maison","2095"
"PLAUDREN","Maison","1641"
"COURNON","Maison","1053"
"SAINT-GORGON","Maison","1116"
"PLUHERLIN","Maison","1583"
"CAMOEL","Maison","2560"
"COLPO","Maison","1589"
"SAINT-JEAN-LA-POTERIE","Maison","1342"
"LARRE","Maison","1913"
"PLESCOP","Maison","2515"
"SURZUR","Maison","2731"
"ROCHEFORT-EN-TERRE","Maison","1549"
"ILE-AUX-MOINES","Maison","6110"
"FEREL","Maison","1930"
"MARZAN","Maison","1747"
"SAINT-MARTIN","Maison","1130"
"SAINT-DOLAY","Maison","1836"
"LE GUERNO","Maison","1677"
"LOCQUELTAS","Maison","2302"
"LARMOR-BADEN","Maison","4414"
"PLEUCADEUC","Maison","1315"
"SAINT-JACUT-LES-PINS","Maison","1148"
"TREAL","Maison","1177"
"ARZAL","Maison","2014"
"MEUCON","Maison","2248"
"SAINT-GRAVE","Maison","1497"
"BILLIERS","Maison","2156"
"LE COURS","Maison","2208"
"LA VRAIE CROIX","Maison","2094"
"LA ROCHE BERNARD","Maison","2884"
"GUIDEL","Maison","2579"
"PLOEMEUR","Maison","2858"
"HENNEBONT","Maison","1911"
"LORIENT","Maison","2240"
"RIANTEC","Maison","2108"
"SAINTE HELENE","Maison","2995"
"KERVIGNAC","Maison","2041"
"QUEVEN","Maison","1998"
"LARMOR-PLAGE","Maison","3453"
"LANESTER","Maison","1936"
"LANGUIDIC","Maison","1784"
"INZINZAC-LOCHRIST","Maison","1690"
"PORT-LOUIS","Maison","2726"
"MERLEVENEZ","Maison","2458"
"GROIX","Maison","3123"
"LOCMIQUELIC","Maison","2299"
"QUISTINIC","Maison","1563"
"PLOUAY","Maison","1870"
"PONT-SCORFF","Maison","1787"
"CLEGUER","Maison","1792"
"CAUDAN","Maison","1736"
"BRANDERION","Maison","1857"
"GAVRES","Maison","2578"
"GESTEL","Maison","2101"
"CALAN","Maison","1969"
"BUBRY","Maison","1240"
"INGUINIEL","Maison","1467"
"NOSTANG","Maison","2409"
"LANVAUDAN","Maison","1619"
"CARNAC","Maison","4181"
"CAMORS","Maison","2005"
"ERDEVEN","Maison","2769"
"PLUVIGNER","Maison","2193"
"BANGOR","Maison","4318"
"SAINT-PIERRE-QUIBERON","Maison","4022"
"PLUNERET","Maison","2297"
"AURAY","Maison","2832"
"BRECH","Maison","2370"
"LOCMARIAQUER","Maison","4267"
"LE PALAIS","Maison","3972"
"SAINTE-ANNE-D'AURAY","Maison","2132"
"LOCOAL-MENDON","Maison","2797"
"ETEL","Maison","2780"
"BELZ","Maison","2698"
"PLOEMEL","Maison","2480"
"LANDAUL","Maison","2392"
"LOCMARIA","Maison","3836"
"SAUZON","Maison","3845"
"CRACH","Maison","2888"
"PLUMERGAT","Maison","2685"
"QUIBERON","Maison","4334"
"SAINT-PHILIBERT","Maison","3907"
"PLOUHARNEL","Maison","2971"
"LA TRINITE SUR MER","Maison","4750"
"LE BONO","Maison","2848"
"PLOUGOUMELEN","Maison","2961"
"LANDEVANT","Maison","2073"
"HOEDIC","Maison","6294"
"HOUAT","Maison","5670"
"PLOERMEL","Maison","1829"
"VAL D'OUST","Maison","1605"
"MENEAC","Maison","1029"
"SERENT","Maison","1395"
"SAINT-GUYOMARD","Maison","1713"
"CREDIN","Maison","968"
"GUER","Maison","1430"
"REGUINY","Maison","1351"
"AUGAN","Maison","1083"
"TAUPONT","Maison","1489"
"BULEON","Maison","1257"
"LOYAT","Maison","1200"
"LANTILLAC","Maison","1044"
"REMINIAC","Maison","1203"
"GOURHEL","Maison","1562"
"ROHAN","Maison","988"
"MALESTROIT","Maison","1502"
"SAINT-ABRAHAM","Maison","1227"
"PLUMELEC","Maison","1504"
"PLEUGRIFFET","Maison","1336"
"SAINT-ALLOUESTRE","Maison","1447"
"GUILLIERS","Maison","958"
"MAURON","Maison","1284"
"FORGES DE LANOUEE","Maison","1260"
"SAINT-NICOLAS-DU-TERTRE","Maison","1232"
"RUFFIAC","Maison","1261"
"BREHAN","Maison","1314"
"MONTENEUF","Maison","1231"
"RADENAC","Maison","1207"
"JOSSELIN","Maison","1461"
"GUEGON","Maison","1235"
"CARO","Maison","1218"
"CRUGUEL","Maison","1170"
"GUILLAC","Maison","1326"
"MOHON","Maison","1069"
"SAINT-MALO-DES-TROIS-FONTAI","Maison","917"
"SAINT-BRIEUC-DE-MAURON","Maison","996"
"LA GREE-SAINT-LAURENT","Maison","1255"
"SAINT-MALO-DE-BEIGNON","Maison","1169"
"BOHAL","Maison","1566"
"SAINT-SERVANT","Maison","1272"
"SAINT-MARCEL","Maison","1682"
"BIGNAN","Maison","1575"
"CAMPENEAC","Maison","1293"
"SAINT-LERY","Maison","559"
"GUEHENNO","Maison","1407"
"SAINT-JEAN-BREVELAY","Maison","1352"
"MISSIRIAC","Maison","1477"
"LA TRINITE-PORHOET","Maison","692"
"EVRIGUET","Maison","793"
"TREHORENTEUC","Maison","1145"
"CONCORET","Maison","1281"
"LA CROIX-HELLEAN","Maison","1567"
"BEIGNON","Maison","1535"
"PORCARO","Maison","904"
"BRIGNAC","Maison","668"
"BILLIO","Maison","1209"
"HELLEAN","Maison","1042"
"LIZIO","Maison","1272"
"NEANT-SUR-YVEL","Maison","1029"
"MOUSTOIR-AC","Maison","1528"
"CLEGUEREC","Maison","1228"
"PLUMELIAU-BIEUZY","Maison","1988"
"MALGUENAC","Maison","2069"
"PONTIVY","Maison","1351"
"MOREAC","Maison","1459"
"LOCMALO","Maison","1608"
"BAUD","Maison","1508"
"GOURIN","Maison","1009"
"PLUMELIN","Maison","1616"
"GUISCRIFF","Maison","1108"
"LANVENEGEN","Maison","1054"
"PRIZIAC","Maison","1454"
"BERNE","Maison","1225"
"SAINT-THURIAU","Maison","1764"
"LE SOURN","Maison","2317"
"NEULLIAC","Maison","1664"
"LANGOELAN","Maison","2593"
"NOYAL-PONTIVY","Maison","1398"
"LOCMINE","Maison","1529"
"KERGRIST","Maison","1196"
"MESLAN","Maison","1332"
"SAINT-GONNERY","Maison","1397"
"LE SAINT","Maison","993"
"MELRAND","Maison","1623"
"PLOURAY","Maison","1847"
"KERFOURN","Maison","1021"
"SILFIAC","Maison","983"
"PLOERDUT","Maison","1305"
"SAINT-CARADEC-TREGOMEL","Maison","769"
"KERNASCLEDEN","Maison","1734"
"GUEMENE-SUR-SCORFF","Maison","852"
"SEGLIEN","Maison","1065"
"SAINT-AIGNAN","Maison","1318"
"LANGONNET","Maison","1218"
"LIGNOL","Maison","1036"
"EVELLYS","Maison","1227"
"GUENIN","Maison","1396"
"GUELTAS","Maison","976"
"GUERN","Maison","1219"
"SAINT-BARTHELEMY","Maison","1228"
"SAINT-TUGDUAL","Maison","1490"
"LE CROISTY","Maison","1332"
"SAINTE-BRIGITTE","Maison","1203"
"ROUDOUALLEC","Maison","998"
"PERSQUEN","Maison","997"
"SAINT-GERAND","Maison","2059"
"LAMBALLE","Maison","1671"
"MORIEUX","Maison","1853"
"PLANGUENOUAL","Maison","2135"
"LA ROCHE DERRIEN","Maison","1429"
"MANTALLOT","Maison","1546"
"POMMERIT-JAUDY","Maison","1225"
"HENGOAT","Maison","934"
"PLOUGUENAST","Maison","1613"
"SAINT-LAUNEUC","Maison","960"
"LANGAST","Maison","948"
"GOURLIZON","Maison","1262"
"GUENGAT","Maison","1422"
"TREOGAT","Maison","1759"
"ILE TUDY","Maison","2898"
"GOULIEN","Maison","1099"
"ST JEAN TROLIMON","Maison","1896"
"TREMEOC","Maison","1922"
"GUILER SUR GOYEN","Maison","1000"
"LANDREVARZEC","Maison","1315"
"TREOUERGAT","Maison","1268"
"LOC-EGUINER","Maison","977"
"LOC BREVALAIRE","Maison","1571"
"LANNEUFFRET","Maison","1966"
"LOPEREC","Maison","1526"
"PLOEVEN","Maison","1605"
"LAZ","Maison","1034"
"BRENNILIS","Maison","909"
"BOLAZEC","Maison","731"
"TREGARVAN","Maison","1325"
"LANNEDERN","Maison","777"
"KERLAZ","Maison","2290"
"PIRE-SUR-SEICHE","Maison","1744"
"CHANCE","Maison","1690"
"SAINT-M HERVON","Maison","1713"
"LA NOUAYE","Maison","1996"
"BLERUAIS","Maison","831"
"LUITRE","Maison","1230"
"VENDEL","Maison","1609"
"SAINT-GEORGES-DE-CHESNE","Maison","1078"
"SAINT-JEAN-SUR-COUESNON","Maison","1522"
"BAILLE","Maison","1083"
"SAINT-MARC-SUR-COUESNON","Maison","1101"
"SAINT-PIERRE-DE-PLESGUEN","Maison","1561"
"TRESSE","Maison","1301"
"LANHELIN","Maison","1324"
"LANOUEE","Maison","1046"
"MONTERTELOT","Maison","1169"
"LES FORGES","Maison","715"
"MONTERREIN","Maison","1044"
"PLUMELIAU","Maison","1453"
"BIEUZY","Maison","1060"
"CROIXANVEC","Maison","976"
"PLOUAGAT","Maison","1580"
"POULDOURAN","Maison","0"
"LOCMARIA-BERRIEN","Maison","844"
"ANTRAIN","Maison","484"
"DOMPIERRE-DU-CHEMIN","Maison","859"
"SAINT-OUEN-LA-ROUERIE","Maison","557"
"TREMBLAY","Maison","1010"
"LA FONTENELLE","Maison","1355"
"SAINT-PERE MARC EN POULET","Maison","2126"
"SAINT-BRIEUC","Appartement","3191"
"PLENEUF-VAL-ANDRE","Appartement","3900"
"LAMBALLE-ARMOR","Appartement","3757"
"ERQUY","Appartement","2935"
"CHATELAUDREN-PLOUAGAT","Appartement","3018"
"SAINT-ALBAN","Appartement","3016"
"LANVOLLON","Appartement","1703"
"SAINT-QUAY-PORTRIEUX","Appartement","3505"
"PLOUEZEC","Appartement","5952"
"PAIMPOL","Appartement","4555"
"PLURIEN","Appartement","6581"
"PLOUBAZLANEC","Appartement","0"
"PLOUHA","Appartement","2183"
"BINIC-ETABLES-SUR-MER","Appartement","4202"
"PLERIN","Appartement","3197"
"PORDIC","Appartement","2449"
"PLOEUC-L'HERMITAGE","Appartement","1882"
"YFFINIAC","Appartement","2697"
"LANGUEUX","Appartement","4041"
"PLOUFRAGAN","Appartement","2366"
"TREGUEUX","Appartement","2910"
"QUINTIN","Appartement","3457"
"HILLION","Appartement","2261"
"PLEDRAN","Appartement","1989"
"BREHAT","Appartement","14980"
"PLEHEDEL","Appartement","2300"
"PLELO","Appartement","2266"
"SAINT-GLEN","Appartement","0"
"MONCONTOUR","Appartement","2297"
"PLOURIVO","Appartement","2432"
"QUESSOY","Appartement","1973"
"SAINT-CAST-LE-GUILDO","Appartement","3915"
"TADEN","Appartement","3982"
"DINAN","Appartement","3233"
"FREHEL","Appartement","3168"
"PLELAN-LE-PETIT","Appartement","2135"
"BEAUSSAIS-SUR-MER","Appartement","2594"
"MATIGNON","Appartement","2810"
"LANVALLAY","Appartement","3620"
"TRELIVAN","Appartement","1674"
"LANCIEUX","Appartement","3453"
"CORSEUL","Appartement","5599"
"PLANCOET","Appartement","2581"
"PLESTAN","Appartement","2580"
"EVRAN","Appartement","3031"
"QUEVERT","Appartement","2417"
"PLOUER-SUR-RANCE","Appartement","2167"
"SEVIGNAC","Appartement","549"
"CAULNES","Appartement","2885"
"PLUDUNO","Appartement","2621"
"LE HINGLE","Appartement","5935"
"SAINT MELOIR DES BOIS","Appartement","1786"
"PLEUDIHEN-SUR-RANCE","Appartement","3550"
"BROONS","Appartement","1607"
"JUGON-LES-LACS-COMMUNE NOUVELL","Appartement","2629"
"SAINT-JACUT-DE-LA-MER","Appartement","4070"
"LANDEBIA","Appartement","1500"
"PLESLIN-TRIGAVOU","Appartement","6773"
"YVIGNAC-LA-TOUR","Appartement","1006"
"PLEVENON","Appartement","3856"
"TREVRON","Appartement","1667"
"CREHEN","Appartement","5001"
"HENANBIHEN","Appartement","10660"
"ROSTRENEN","Appartement","2505"
"GUINGAMP","Appartement","2945"
"PONTRIEUX","Appartement","2280"
"SAINT-GILLES-LES-BOIS","Appartement","2222"
"PLOUMAGOAR","Appartement","1802"
"ST AGATHON","Appartement","1815"
"BEGARD","Appartement","1868"
"MAEL CARHAIX","Appartement","1996"
"BELLE ISLE EN TERRE","Appartement","1158"
"BOURBRIAC","Appartement","2406"
"CALLAC","Appartement","2300"
"SAINT-CLET","Appartement","1092"
"PERROS-GUIREC","Appartement","3765"
"LANNION","Appartement","3614"
"PLOUBEZRE","Appartement","6939"
"TREGUIER","Appartement","3434"
"TREBEURDEN","Appartement","2790"
"TREVOU-TREGUIGNEC","Appartement","3689"
"PLESTIN-LES-GREVES","Appartement","3660"
"TREGASTEL","Appartement","5924"
"LA ROCHE-JAUDY","Appartement","6276"
"PLEUBIAN","Appartement","4646"
"PLEUMEUR-BODOU","Appartement","2837"
"SAINT-QUAY-PERROS","Appartement","4648"
"SAINT-MICHEL-EN-GREVE","Appartement","7855"
"LEZARDRIEUX","Appartement","2602"
"PLOUNEVEZ-MOEDEC","Appartement","2261"
"PLOUARET","Appartement","2152"
"TRELEVERN","Appartement","0"
"LOUDEAC","Appartement","3225"
"LA MOTTE","Appartement","1339"
"MERDRIGNAC","Appartement","5892"
"PLEMET","Appartement","1461"
"BON REPOS SUR BLAVET","Appartement","1245"
"COETLOGON","Appartement","1350"
"HEMONSTOIR","Appartement","3271"
"GUERLEDAN","Appartement","2282"
"SAINT-CARADEC","Appartement","1058"
"UZEL","Appartement","0"
"LA CHEZE","Appartement","943"
"LE MENE","Appartement","1833"
"CORLAY","Appartement","0"
"TREMOREL","Appartement","0"
"SAINT-YGEAUX","Appartement","1807"
"TREVE","Appartement","1024"
"SAINT-GILLES-VIEUX-MARCHE","Appartement","591"
"QUIMPER","Appartement","2793"
"DOUARNENEZ","Appartement","2107"
"BENODET","Appartement","2650"
"FOUESNANT","Appartement","2786"
"PENMARCH","Appartement","1586"
"PONT L ABBE","Appartement","2898"
"AUDIERNE","Appartement","2226"
"CONCARNEAU","Appartement","2983"
"PLOZEVET","Appartement","1989"
"GUILVINEC","Appartement","3166"
"PONT-AVEN","Appartement","2441"
"CLOHARS CARNOET","Appartement","4127"
"ELLIANT","Appartement","3052"
"PLOGONNEC","Appartement","2522"
"PLOMEUR","Appartement","1792"
"BANNALEC","Appartement","2761"
"TREGUNC","Appartement","2566"
"PLONEOUR LANVERN","Appartement","3946"
"QUIMPERLE","Appartement","2172"
"LOCTUDY","Appartement","2925"
"ILE TUDY","Appartement","3154"
"NEVEZ","Appartement","4128"
"BRIEC","Appartement","8420"
"LANDUDAL","Appartement","2169"
"ROSPORDEN","Appartement","6574"
"MOELAN SUR MER","Appartement","3831"
"REDENE","Appartement","3648"
"TREMEVEN","Appartement","1975"
"ARZANO","Appartement","0"
"BREST","Appartement","2887"
"SAINT RENAN","Appartement","2755"
"PLOUGUIN","Appartement","0"
"PLOUDALMEZEAU","Appartement","2609"
"GUILERS","Appartement","2190"
"PLOUZANE","Appartement","3766"
"PLOUGONVELIN","Appartement","5200"
"BOHARS","Appartement","5691"
"LE CONQUET","Appartement","2865"
"GOUESNOU","Appartement","3586"
"LOCMARIA-PLOUZANE","Appartement","2440"
"MORLAIX","Appartement","3074"
"ROSCOFF","Appartement","2842"
"LANDERNEAU","Appartement","2542"
"PLOUIGNEAU","Appartement","0"
"CARANTEC","Appartement","2475"
"LESNEVEN","Appartement","2696"
"LANDIVISIAU","Appartement","2565"
"LANDEDA","Appartement","1988"
"PLABENNEC","Appartement","4016"
"LE RELECQ-KERHUON","Appartement","4341"
"SAINT-POL-DE-LEON","Appartement","4894"
"KERLOUAN","Appartement","0"
"CLEDER","Appartement","2067"
"PLOUESCAT","Appartement","1525"
"GOULVEN","Appartement","1803"
"PLOUIDER","Appartement","3429"
"L HOPITAL CAMFROUT","Appartement","4268"
"PLOUGASNOU","Appartement","1905"
"PLOUGASTEL-DAOULAS","Appartement","2569"
"GUIPAVAS","Appartement","2384"
"LE FOLGOET","Appartement","4269"
"LOCQUIREC","Appartement","3091"
"SAINT-MARTIN-DES-CHAMPS","Appartement","4350"
"LAMPAUL-PLOUARZEL","Appartement","2110"
"PLOUVIEN","Appartement","2617"
"LANMEUR","Appartement","1794"
"LANNILIS","Appartement","2315"
"IRVILLAC","Appartement","1591"
"PLOUDIRY","Appartement","2069"
"ST DIVY","Appartement","0"
"ST THONAN","Appartement","2272"
"PLOUGUERNEAU","Appartement","9225"
"CROZON","Appartement","2751"
"LE FAOU","Appartement","3926"
"SAINT-NIC","Appartement","2207"
"PLEYBEN","Appartement","2904"
"LANVEOC","Appartement","1001"
"CARHAIX-PLOUGUER","Appartement","3008"
"CAMARET-SUR-MER","Appartement","4244"
"LE HUELGOAT","Appartement","2522"
"PLONEVEZ DU FAOU","Appartement","910"
"GUERLESQUIN","Appartement","4339"
"PLOUGONVEN","Appartement","1304"
"HENVIC","Appartement","1849"
"SANTEC","Appartement","1250"
"ILE-DE-BATZ","Appartement","8320"
"PACE","Appartement","2912"
"RENNES","Appartement","3938"
"LA CHAPELLE DES FOUGERETZ","Appartement","5991"
"CESSON-SEVIGNE","Appartement","3445"
"SAINT-ERBLON","Appartement","2215"
"BOURGBARRE","Appartement","2212"
"ST JACQUES DE LA LANDE","Appartement","2572"
"BRUZ","Appartement","3197"
"NOYAL-CHATILLON-SUR-SEICHE","Appartement","2753"
"CHARTRES-DE-BRETAGNE","Appartement","2917"
"CHANTEPIE","Appartement","2916"
"PARTHENAY-DE-BRETAGNE","Appartement","1700"
"BETTON","Appartement","3069"
"SAINT-GREGOIRE","Appartement","3507"
"VERN-SUR-SEICHE","Appartement","2716"
"VEZIN-LE-COQUET","Appartement","4605"
"ACIGNE","Appartement","2447"
"PONT-PEAN","Appartement","3702"
"ORGERES","Appartement","2203"
"GEVEZE","Appartement","2134"
"MONTGERMONT","Appartement","2615"
"SENS-DE-BRETAGNE","Appartement","1253"
"CORPS-NUDS","Appartement","1959"
"CHATEAUGIRON","Appartement","3201"
"L'HERMITAGE","Appartement","2463"
"JANZE","Appartement","2830"
"MELESSE","Appartement","3272"
"SAINT-GILLES","Appartement","2216"
"PLEUMELEUC","Appartement","2319"
"CHAVAGNE","Appartement","2364"
"LE RHEU","Appartement","2767"
"TALENSAC","Appartement","4608"
"MONTFORT-SUR-MEU","Appartement","2610"
"DOMLOUP","Appartement","2031"
"BEDEE","Appartement","2557"
"LIFFRE","Appartement","2741"
"GAHARD","Appartement","1563"
"MONTAUBAN-DE-BRETAGNE","Appartement","3420"
"SAINT-ARMEL","Appartement","2019"
"IRODOUER","Appartement","1821"
"MORDELLES","Appartement","2438"
"MONTREUIL-SUR-ILLE","Appartement","1723"
"THORIGNE-FOUILLARD","Appartement","2921"
"BECHEREL","Appartement","3661"
"LA MEZIERE","Appartement","3054"
"SAINT-MEEN-LE-GRAND","Appartement","1688"
"PIRE-CHANCE","Appartement","5769"
"SAINT-AUBIN-D AUBIGNE","Appartement","2154"
"SAINT-SULPICE-LA-FORET","Appartement","0"
"BREAL-SOUS-MONTFORT","Appartement","2369"
"CHEVAIGNE","Appartement","4312"
"IFFENDIC","Appartement","2396"
"NOYAL-SUR-VILAINE","Appartement","3348"
"BRETEIL","Appartement","1979"
"NOUVOITOU","Appartement","2126"
"PLELAN-LE-GRAND","Appartement","2232"
"FEINS","Appartement","1722"
"LA CHAPELLE THOUARAULT","Appartement","2358"
"ROMILLE","Appartement","2282"
"SERVON-SUR-VILAINE","Appartement","2208"
"LA CHAPELLE CHAUSSEE","Appartement","3865"
"SAINT-THURIAL","Appartement","1752"
"HEDE-BAZOUGES","Appartement","4553"
"LA BOUEXIERE","Appartement","5479"
"BRECE","Appartement","2908"
"SAINT-UNIAC","Appartement","0"
"SAINT-MALON-SUR-MEL","Appartement","1724"
"CINTRE","Appartement","2043"
"VIGNOC","Appartement","2089"
"GAEL","Appartement","924"
"PAIMPONT","Appartement","2555"
"SAINT-MEDARD-SUR-ILLE","Appartement","3368"
"LA CHAPELLE DU LOU DU LAC","Appartement","4949"
"FOUGERES","Appartement","2682"
"BAZOUGES-LA-PEROUSE","Appartement","1200"
"SAINT-AUBIN-DU-CORMIER","Appartement","2032"
"LOUVIGNE-DU-DESERT","Appartement","1186"
"SAINT-OUEN-DES-ALLEUX","Appartement","0"
"LANDEAN","Appartement","1378"
"LUITRE-DOMPIERRE","Appartement","2012"
"MAEN ROCH","Appartement","4039"
"PARIGNE","Appartement","9899"
"LA CHAPELLE JANSON","Appartement","0"
"SAINT-MARC-LE-BLANC","Appartement","1397"
"VAL-COUESNON","Appartement","2478"
"POILLEY","Appartement","2885"
"LES PORTES DU COGLAIS","Appartement","1869"
"GOSNE","Appartement","4452"
"LA BAZOUGE DU DESERT","Appartement","534"
"FLEURIGNE","Appartement","1535"
"CREVIN","Appartement","1916"
"REDON","Appartement","2671"
"GUICHEN","Appartement","2796"
"GOVEN","Appartement","1809"
"LAILLE","Appartement","2615"
"GUIGNEN","Appartement","1630"
"BAIN-DE-BRETAGNE","Appartement","3712"
"BOURG-DES-COMPTES","Appartement","2816"
"LA CHAPELLE BOUEXIC","Appartement","1273"
"GUIPRY-MESSAC","Appartement","3262"
"PANCE","Appartement","5934"
"POLIGNE","Appartement","3399"
"PIPRIAC","Appartement","2991"
"RENAC","Appartement","2030"
"LASSY","Appartement","1708"
"LOUTEHEL","Appartement","0"
"VAL D'ANAST","Appartement","1531"
"GRAND-FOUGERAY","Appartement","4017"
"LANGON","Appartement","0"
"BAULON","Appartement","882"
"MERNEL","Appartement","1604"
"SAINT-MALO","Appartement","4282"
"DINARD","Appartement","4905"
"MINIAC-MORVAN","Appartement","2491"
"PLEUGUENEUC","Appartement","1467"
"TINTENIAC","Appartement","3229"
"TREVERIEN","Appartement","0"
"SOUGEAL","Appartement","1902"
"CANCALE","Appartement","5844"
"SAINT-MELOIR-DES-ONDES","Appartement","4806"
"SAINT-SULIAC","Appartement","0"
"DOL DE BRETAGNE","Appartement","3202"
"PLEURTUIT","Appartement","2515"
"MONT-DOL","Appartement","0"
"SAINT-LUNAIRE","Appartement","4354"
"LE TRONCHET","Appartement","2059"
"LA GOUESNIERE","Appartement","2263"
"CHATEAUNEUF-D ILLE-ET-VILAI","Appartement","2440"
"SAINT-BRIAC-SUR-MER","Appartement","4337"
"ROZ-SUR-COUESNON","Appartement","4478"
"PLESDER","Appartement","1491"
"LA RICHARDAIS","Appartement","3123"
"COMBOURG","Appartement","2619"
"SAINT-DOMINEUC","Appartement","2678"
"MESNIL ROC'H","Appartement","0"
"SAINT-COULOMB","Appartement","3820"
"PLEINE-FOUGERES","Appartement","2429"
"SAINT-JOUAN-DES-GUERETS","Appartement","4635"
"SAINT-BENOIT-DES-ONDES","Appartement","6028"
"BAGUER-MORVAN","Appartement","3111"
"SAINT-BROLADRE","Appartement","1274"
"EPINIAC","Appartement","3344"
"CHERRUEIX","Appartement","3406"
"LA BOUSSAC","Appartement","1716"
"ROZ-LANDRIEUX","Appartement","2929"
"LE VIVIER SUR MER","Appartement","8842"
"MEILLAC","Appartement","1900"
"SAINT-MARCAN","Appartement","14613"
"LA GUERCHE-DE-BRETAGNE","Appartement","2524"
"ETRELLES","Appartement","2272"
"VITRE","Appartement","5067"
"DOMAGNE","Appartement","2174"
"CHATEAUBOURG","Appartement","3158"
"ARGENTRE-DU-PLESSIS","Appartement","1604"
"RETIERS","Appartement","2006"
"LOUVIGNE-DE-BAIS","Appartement","1848"
"MARTIGNE-FERCHAUD","Appartement","2322"
"VAL-D'IZE","Appartement","0"
"SAINT-JEAN-SUR-VILAINE","Appartement","2378"
"CHATILLON-EN-VENDELAIS","Appartement","5316"
"BAIS","Appartement","2859"
"MONTREUIL-SOUS-PEROUSE","Appartement","2237"
"LE PERTRE","Appartement","1583"
"RANNEE","Appartement","1535"
"SAINT-AUBIN-DES-LANDES","Appartement","1653"
"SAINT-DIDIER","Appartement","0"
"VANNES","Appartement","3781"
"QUESTEMBERT","Appartement","3212"
"PLOEREN","Appartement","2665"
"GRANDCHAMP","Appartement","2819"
"ARZON","Appartement","3916"
"SENE","Appartement","4290"
"PLESCOP","Appartement","2500"
"LARMOR-BADEN","Appartement","4126"
"ILE-AUX-MOINES","Appartement","4555"
"ALLAIRE","Appartement","2176"
"SARZEAU","Appartement","4256"
"DAMGAN","Appartement","4013"
"LA ROCHE BERNARD","Appartement","2103"
"COLPO","Appartement","5494"
"ARZAL","Appartement","2033"
"PENESTIN","Appartement","2955"
"SAINT-GILDAS-DE-RHUYS","Appartement","3905"
"THEIX-NOYALO","Appartement","3474"
"MUZILLAC","Appartement","6672"
"TREFFLEAN","Appartement","2143"
"ARRADON","Appartement","4014"
"BRANDIVY","Appartement","7860"
"SAINT-AVE","Appartement","3441"
"SURZUR","Appartement","3755"
"ELVEN","Appartement","3478"
"BADEN","Appartement","3745"
"AMBON","Appartement","2167"
"CAMOEL","Appartement","7143"
"ROCHEFORT-EN-TERRE","Appartement","1931"
"SAINT-NOLFF","Appartement","2929"
"LA GACILLY","Appartement","3209"
"CARENTOIR","Appartement","0"
"NIVILLAC","Appartement","1512"
"BERRIC","Appartement","6541"
"MALANSAC","Appartement","2531"
"BILLIERS","Appartement","3565"
"LIMERZEL","Appartement","0"
"PEAULE","Appartement","2515"
"TREDION","Appartement","0"
"MEUCON","Appartement","1782"
"MONTERBLANC","Appartement","1178"
"LORIENT","Appartement","3022"
"PLOUHINEC","Appartement","2969"
"LARMOR-PLAGE","Appartement","4555"
"GUIDEL","Appartement","2962"
"LANESTER","Appartement","3652"
"HENNEBONT","Appartement","2164"
"LANGUIDIC","Appartement","5119"
"PLOEMEUR","Appartement","3598"
"GAVRES","Appartement","1836"
"PORT-LOUIS","Appartement","4061"
"LOCMIQUELIC","Appartement","2302"
"INZINZAC-LOCHRIST","Appartement","3283"
"QUEVEN","Appartement","6062"
"GESTEL","Appartement","2381"
"KERVIGNAC","Appartement","3261"
"PLOUAY","Appartement","3598"
"CAUDAN","Appartement","3669"
"MERLEVENEZ","Appartement","2094"
"CLEGUER","Appartement","2180"
"NOSTANG","Appartement","7432"
"INGUINIEL","Appartement","1466"
"GROIX","Appartement","6184"
"BUBRY","Appartement","2136"
"QUIBERON","Appartement","5621"
"AURAY","Appartement","3973"
"BRECH","Appartement","4339"
"PLOEMEL","Appartement","3140"
"ERDEVEN","Appartement","2932"
"ETEL","Appartement","3449"
"LA TRINITE SUR MER","Appartement","4649"
"BELZ","Appartement","3105"
"PLUVIGNER","Appartement","3308"
"CARNAC","Appartement","5118"
"SAINT-PIERRE-QUIBERON","Appartement","3467"
"LE PALAIS","Appartement","5126"
"PLOUGOUMELEN","Appartement","2689"
"LE BONO","Appartement","4516"
"HOUAT","Appartement","9964"
"PLOUHARNEL","Appartement","4684"
"CRACH","Appartement","6851"
"PLUNERET","Appartement","2860"
"LANDEVANT","Appartement","2246"
"SAUZON","Appartement","4460"
"PLUMERGAT","Appartement","2582"
"SAINTE-ANNE-D'AURAY","Appartement","2054"
"LANDAUL","Appartement","2843"
"SAINT-PHILIBERT","Appartement","3498"
"LOCMARIAQUER","Appartement","6547"
"LOCOAL-MENDON","Appartement","4421"
"LOCMARIA","Appartement","0"
"PLOERMEL","Appartement","4222"
"MALESTROIT","Appartement","3420"
"VAL D'OUST","Appartement","2845"
"SAINT-JEAN-BREVELAY","Appartement","1208"
"JOSSELIN","Appartement","3973"
"GUEGON","Appartement","2497"
"ROHAN","Appartement","2732"
"MENEAC","Appartement","931"
"GUER","Appartement","3575"
"CAMPENEAC","Appartement","3489"
"PLUMELIAU-BIEUZY","Appartement","4844"
"GOURIN","Appartement","2031"
"GUISCRIFF","Appartement","1467"
"PONTIVY","Appartement","3041"
"BAUD","Appartement","2565"
"LOCMINE","Appartement","3440"
"KERNASCLEDEN","Appartement","1137"
"MESLAN","Appartement","1192"
"MOREAC","Appartement","3409"
"GUEMENE-SUR-SCORFF","Appartement","1126"
"LE FAOUET","Appartement","1343"
"LANGONNET","Appartement","1641"
"LANVENEGEN","Appartement","2739"
"NOYAL-PONTIVY","Appartement","4187"
"CLEGUEREC","Appartement","2294"
"LE SOURN","Appartement","3938"
"MALGUENAC","Appartement","2265"
"LAMBALLE","Appartement","2464"
"TREBRY","Appartement","7000"
"TREMUSON","Appartement","1240"
"SAINT-BRANDAN","Appartement","2332"
"SAINT-RIEUL","Appartement","6750"
"TREVENEUC","Appartement","1354"
"PLANGUENOUAL","Appartement","2820"
"PLOURHAN","Appartement","3749"
"PLAINTEL","Appartement","3224"
"SAINT-JULIEN","Appartement","2172"
"KERFOT","Appartement","4154"
"YVIAS","Appartement","3186"
"PLUDUAL","Appartement","589"
"LA MALHOURE","Appartement","1873"
"PLOUVARA","Appartement","0"
"PLENEE-JUGON","Appartement","2951"
"MEGRIT","Appartement","2056"
"BRUSVILY","Appartement","1232"
"LANGUENAN","Appartement","1351"
"EREAC","Appartement","1382"
"VILDE-GUINGALAN","Appartement","0"
"CANIHUEL","Appartement","0"
"GRACES","Appartement","2759"
"GOUDELIN","Appartement","0"
"ST NICOLAS DU PELEM","Appartement","934"
"PLOUGRESCANT","Appartement","3847"
"TREDARZEC","Appartement","1915"
"LOUANNEC","Appartement","4054"
"LE VIEUX MARCHE","Appartement","1437"
"KERBORS","Appartement","2978"
"PLOULEC'H","Appartement","5451"
"PLOUGUIEL","Appartement","0"
"PLOUMILLIAU","Appartement","4915"
"PLEUDANIEL","Appartement","2786"
"TONQUEDEC","Appartement","5555"
"CAMLEZ","Appartement","1570"
"PLOUGUENAST","Appartement","1658"
"LA PRENESSAYE","Appartement","0"
"PLUMIEUX","Appartement","2562"
"LE LOSCOUET-SUR-MEU","Appartement","216"
"PLELAUFF","Appartement","765"
"PLEMY","Appartement","0"
"PLOUGUENAST-LANGAST","Appartement","585"
"PLOBANNALEC LESCONIL","Appartement","2880"
"COMBRIT","Appartement","2526"
"CLOHARS FOUESNANT","Appartement","3663"
"PLEUVEN","Appartement","2196"
"GOULIEN","Appartement","0"
"GUENGAT","Appartement","1861"
"LA FORET-FOUESNANT","Appartement","2825"
"PLOMELIN","Appartement","3010"
"PLOGASTEL ST GERMAIN","Appartement","1487"
"LANDUDEC","Appartement","1531"
"ST EVARZEC","Appartement","0"
"CONFORT MEILARS","Appartement","2468"
"PONT CROIX","Appartement","2717"
"ERGUE GABERIC","Appartement","1986"
"GOUESNACH","Appartement","3230"
"POULLAN SUR MER","Appartement","1877"
"SCAER","Appartement","838"
"LOCUNOLE","Appartement","0"
"RIEC SUR BELON","Appartement","3997"
"SAINT YVI","Appartement","3312"
"LE TREVOUX","Appartement","1202"
"MELLAC","Appartement","2608"
"MELGVEN","Appartement","3350"
"ST THURIEN","Appartement","1437"
"SAINT-PABU","Appartement","0"
"PLOUARZEL","Appartement","2288"
"LOGONNA-DAOULAS","Appartement","725"
"GUISSENY","Appartement","2167"
"LA FOREST-LANDERNEAU","Appartement","0"
"PLOUDANIEL","Appartement","2981"
"KERSAINT PLABENNEC","Appartement","2123"
"BOURG BLANC","Appartement","2732"
"PLOUNEOUR-BRIGNOGAN-PLAGES","Appartement","1854"
"MILIZAC-GUIPRONVEL","Appartement","3531"
"PLONEVEZ-PORZAY","Appartement","2027"
"CHATEAULIN","Appartement","2859"
"CHATEAUNEUF-DU-FAOU","Appartement","1291"
"LOPEREC","Appartement","2027"
"PORT-LAUNAY","Appartement","1528"
"SCRIGNAC","Appartement","1339"
"PLOMODIERN","Appartement","3112"
"BRASPARTS","Appartement","352"
"BOLAZEC","Appartement","0"
"LA FEUILLEE","Appartement","1276"
"CAST","Appartement","1549"
"SPEZET","Appartement","623"
"PONT-DE-BUIS-LES-QUIMERC'H","Appartement","4529"
"SIBIRIL","Appartement","3419"
"SAINT-DERRIEN","Appartement","1567"
"LOCQUENOLE","Appartement","1646"
"TAULE","Appartement","1700"
"GARLAN","Appartement","2582"
"PLOUNEOUR-MENEZ","Appartement","2227"
"PLEYBER-CHRIST","Appartement","1585"
"PLOUNEVENTER","Appartement","1500"
"LAMPAUL-GUIMILIAU","Appartement","0"
"MESPAUL","Appartement","1122"
"PLOURIN-LES-MORLAIX","Appartement","1419"
"GUIMILIAU","Appartement","756"
"GUICLAN","Appartement","0"
"SAINTE-SEVE","Appartement","0"
"PLOUGOULM","Appartement","0"
"PLOUNEVEZ-LOCHRIST","Appartement","2551"
"SAINT-THEGONNEC LOC-EGUINER","Appartement","763"
"MONTREUIL-LE-GAST","Appartement","12621"
"PIRE-SUR-SEICHE","Appartement","2956"
"CHASNE-SUR-ILLET","Appartement","5080"
"AMANLIS","Appartement","4331"
"SAINT-GERMAIN-SUR-ILLE","Appartement","3787"
"MONTERFIL","Appartement","0"
"LANGAN","Appartement","4071"
"SAINT-MAUGAN","Appartement","0"
"SAINT ONEN LA CHAPELLE","Appartement","1416"
"MARCILLE-RAOUL","Appartement","3451"
"LECOUSSE","Appartement","2605"
"SAINT-GERMAIN-EN-COGLES","Appartement","1413"
"ERCE-EN-LAMEE","Appartement","1386"
"LA NOE BLANCHE","Appartement","1867"
"SAINTE-ANNE-SUR-VILAINE","Appartement","0"
"BAINS-SUR-OUST","Appartement","1843"
"SAINT-PIERRE-DE-PLESGUEN","Appartement","8620"
"SAINT-PERE-MARC-EN-POULET","Appartement","5217"
"LA FRESNAIS","Appartement","1944"
"BAGUER-PICAN","Appartement","2356"
"THOURIE","Appartement","0"
"POCE-LES-BOIS","Appartement","3193"
"CHAMPEAUX","Appartement","0"
"BALAZE","Appartement","841"
"COESMES","Appartement","547"
"MOUTIERS","Appartement","2257"
"PEILLAC","Appartement","1411"
"NOYAL-MUZILLAC","Appartement","2975"
"FEREL","Appartement","4719"
"SULNIAC","Appartement","3136"
"SAINT-JEAN-LA-POTERIE","Appartement","5526"
"PLAUDREN","Appartement","3901"
"SAINTE HELENE","Appartement","15374"
"PONT-SCORFF","Appartement","2117"
"RIANTEC","Appartement","2038"
"CAMORS","Appartement","4688"
"MONTENEUF","Appartement","4883"
"MAURON","Appartement","1529"
"NEANT-SUR-YVEL","Appartement","1007"
"SERENT","Appartement","1328"
"REGUINY","Appartement","1304"
"BIGNAN","Appartement","1661"
"LOYAT","Appartement","668"
"CARO","Appartement","1360"
"PLUMELIAU","Appartement","895"
"GUELTAS","Appartement","1634"
"GUERN","Appartement","1157"
"PLOURAY","Appartement","0"
"ROUDOUALLEC","Appartement","0"
"SAINT-THURIAU","Appartement","0"
"NEULLIAC","Appartement","0"
"LA MEAUGON","Appartement","2143"
"TREGOMEUR","Appartement","1883"
"BOQUEHO","Appartement","423"
"PLERNEUF","Appartement","1538"
"SAINT-JUVAT","Appartement","2329"
"PLUMAUGAT","Appartement","857"
"SAINT-POTAN","Appartement","1215"
"PLEVEN","Appartement","2698"
"LANRELAS","Appartement","9022"
"SAINT-HELEN","Appartement","3461"
"TRAMAIN","Appartement","0"
"PABU","Appartement","2875"
"PLOUNEVEZ QUINTIN","Appartement","493"
"PLOUAGAT","Appartement","3438"
"PLESIDY","Appartement","576"
"PEDERNEC","Appartement","2217"
"PLOUEC-DU-TRIEUX","Appartement","1150"
"LOUARGAT","Appartement","2347"
"LA CHAPELLE NEUVE","Appartement","873"
"PENVENAN","Appartement","5879"
"TROGUERY","Appartement","0"
"LA ROCHE DERRIEN","Appartement","1532"
"TREMEL","Appartement","828"
"GOUAREC","Appartement","0"
"PLUSSULIEN","Appartement","735"
"PEUMERIT","Appartement","1813"
"TREFFIAGAT","Appartement","2450"
"PRIMELIN","Appartement","0"
"BAYE","Appartement","1823"
"PORSPODER","Appartement","3542"
"LANILDUT","Appartement","0"
"LANDUNVEZ","Appartement","1821"
"LOPERHET","Appartement","2590"
"LA MARTYRE","Appartement","2036"
"COAT MEAL","Appartement","3378"
"OUESSANT","Appartement","3132"
"KERNOUES","Appartement","0"
"LA ROCHE MAURICE","Appartement","2556"
"PLOUEDERN","Appartement","2989"
"TELGRUC-SUR-MER","Appartement","1785"
"SAINT THOIS","Appartement","0"
"BERRIEN","Appartement","6159"
"LEUHAN","Appartement","337"
"SAINT-SEGAL","Appartement","1351"
"ARGOL","Appartement","2119"
"GOUEZEC","Appartement","0"
"DINEAULT","Appartement","1240"
"LANHOUARNEAU","Appartement","0"
"PLOUEGAT-GUERRAND","Appartement","2708"
"BODILIS","Appartement","3333"
"COMMANA","Appartement","646"
"QUEBRIAC","Appartement","1250"
"TREFFENDEL","Appartement","2519"
"MEDREAC","Appartement","1208"
"QUEDILLAC","Appartement","932"
"MOUAZE","Appartement","1994"
"ANDOUILLE-NEUVILLE","Appartement","4556"
"DINGE","Appartement","4159"
"ERCE-PRES-LIFFRE","Appartement","0"
"ST GEORGES DE REINTEMBAULT","Appartement","932"
"MELLE","Appartement","0"
"LA SELLE-EN-LUITRE","Appartement","1928"
"SIXT-SUR-AFF","Appartement","3319"
"SAINT-MALO-DE-PHILY","Appartement","4050"
"SAINT-PERE MARC EN POULET","Appartement","0"
"LANHELIN","Appartement","1836"
"LA BAUSSAINE","Appartement","1405"
"MONTAUTOUR","Appartement","0"
"ESSE","Appartement","2765"
"SAINT-DOLAY","Appartement","1475"
"HOEDIC","Appartement","7870"
"SAINT-MARCEL","Appartement","1278"
"GUILLIERS","Appartement","2004"
"PLUMELEC","Appartement","1174"
"SAINT-MALO-DES-TROIS-FONTAI","Appartement","2334"
"BERNE","Appartement","1150"
"MELRAND","Appartement","3066"
"PLOERDUT","Appartement","814"
"LAMBALLE-ARMOR","Vente terrain  btir","230"
"SAINT-DONAN","Vente terrain  btir","45"
"TREVENEUC","Vente terrain  btir","161"
"PLURIEN","Vente terrain  btir","978"
"PLELO","Vente terrain  btir","59"
"TREMUSON","Vente terrain  btir","741"
"SAINT-BRIEUC","Vente terrain  btir","125"
"SAINT-JULIEN","Vente terrain  btir","0"
"YFFINIAC","Vente terrain  btir","92"
"PLENEUF-VAL-ANDRE","Vente terrain  btir","649"
"PLEDRAN","Vente terrain  btir","28"
"AUCALEUC","Vente terrain  btir","262"
"TREBEDAN","Vente terrain  btir","42"
"TRAMAIN","Vente terrain  btir","0"
"BEAUSSAIS-SUR-MER","Vente terrain  btir","716"
"HENANBIHEN","Vente terrain  btir","52"
"LANVALLAY","Vente terrain  btir","654"
"PLELAN-LE-PETIT","Vente terrain  btir","88"
"CAULNES","Vente terrain  btir","263"
"PLANCOET","Vente terrain  btir","87"
"FREHEL","Vente terrain  btir","66"
"RUCA","Vente terrain  btir","0"
"BOURSEUL","Vente terrain  btir","0"
"LANRODEC","Vente terrain  btir","43"
"PERROS-GUIREC","Vente terrain  btir","0"
"MERDRIGNAC","Vente terrain  btir","38"
"TREMOREL","Vente terrain  btir","0"
"QUIMPER","Vente terrain  btir","101"
"PLOBANNALEC LESCONIL","Vente terrain  btir","60"
"PLOGONNEC","Vente terrain  btir","75"
"ERGUE GABERIC","Vente terrain  btir","5092"
"CONCARNEAU","Vente terrain  btir","125"
"MILIZAC-GUIPRONVEL","Vente terrain  btir","90"
"GUIPAVAS","Vente terrain  btir","0"
"LANRIVOARE","Vente terrain  btir","66"
"HENVIC","Vente terrain  btir","0"
"SAINT-POL-DE-LEON","Vente terrain  btir","54"
"COAT MEAL","Vente terrain  btir","82"
"LANDIVISIAU","Vente terrain  btir","73"
"SAINT-MARTIN-DES-CHAMPS","Vente terrain  btir","0"
"ROSCOFF","Vente terrain  btir","84"
"PLOUNEVEZ-LOCHRIST","Vente terrain  btir","41"
"CARANTEC","Vente terrain  btir","149"
"ORGERES","Vente terrain  btir","188"
"NOYAL-CHATILLON-SUR-SEICHE","Vente terrain  btir","234"
"VEZIN-LE-COQUET","Vente terrain  btir","367"
"ACIGNE","Vente terrain  btir","602"
"MONTGERMONT","Vente terrain  btir","603"
"LA CHAPELLE DES FOUGERETZ","Vente terrain  btir","4284"
"GEVEZE","Vente terrain  btir","181"
"RENNES","Vente terrain  btir","1292"
"SAINT-MEEN-LE-GRAND","Vente terrain  btir","101"
"BRECE","Vente terrain  btir","176"
"CHAVAGNE","Vente terrain  btir","1689"
"NOUVOITOU","Vente terrain  btir","371"
"MORDELLES","Vente terrain  btir","290"
"LE RHEU","Vente terrain  btir","522"
"SAINT-ARMEL","Vente terrain  btir","175"
"DINGE","Vente terrain  btir","265"
"CINTRE","Vente terrain  btir","1092"
"CORPS-NUDS","Vente terrain  btir","175"
"LA CHAPELLE THOUARAULT","Vente terrain  btir","258"
"CLAYES","Vente terrain  btir","174"
"PLELAN-LE-GRAND","Vente terrain  btir","2320"
"CHATEAUGIRON","Vente terrain  btir","382"
"THORIGNE-FOUILLARD","Vente terrain  btir","0"
"DOURDAIN","Vente terrain  btir","0"
"IRODOUER","Vente terrain  btir","383"
"VIGNOC","Vente terrain  btir","0"
"DOMLOUP","Vente terrain  btir","0"
"NOYAL-SUR-VILAINE","Vente terrain  btir","245"
"LA BOUEXIERE","Vente terrain  btir","221"
"GAHARD","Vente terrain  btir","0"
"ERCE-PRES-LIFFRE","Vente terrain  btir","0"
"LAIGNELET","Vente terrain  btir","68"
"LES PORTES DU COGLAIS","Vente terrain  btir","76"
"MAEN ROCH","Vente terrain  btir","92"
"FOUGERES","Vente terrain  btir","283"
"LA CHAPELLE SAINT AUBERT","Vente terrain  btir","57"
"ROMAGNE","Vente terrain  btir","0"
"SAINT-HILAIRE-DES-LANDES","Vente terrain  btir","73"
"PARIGNE","Vente terrain  btir","45"
"JAVENE","Vente terrain  btir","98"
"SAINT-MARC-LE-BLANC","Vente terrain  btir","0"
"SAINT-GERMAIN-EN-COGLES","Vente terrain  btir","68"
"LAILLE","Vente terrain  btir","1190"
"REDON","Vente terrain  btir","113"
"GUIGNEN","Vente terrain  btir","3636"
"GRAND-FOUGERAY","Vente terrain  btir","47"
"LIEURON","Vente terrain  btir","100"
"BAIN-DE-BRETAGNE","Vente terrain  btir","121"
"LOHEAC","Vente terrain  btir","50"
"PANCE","Vente terrain  btir","288"
"LA CHAPELLE BOUEXIC","Vente terrain  btir","85"
"BRUC-SUR-AFF","Vente terrain  btir","0"
"SAINT-MELOIR-DES-ONDES","Vente terrain  btir","1564"
"LE TRONCHET","Vente terrain  btir","589"
"SAINT-DOMINEUC","Vente terrain  btir","155"
"LA RICHARDAIS","Vente terrain  btir","173"
"SAINT-MALO","Vente terrain  btir","224"
"MEILLAC","Vente terrain  btir","61"
"LA BOUSSAC","Vente terrain  btir","49"
"SAINT-SULIAC","Vente terrain  btir","1013"
"TINTENIAC","Vente terrain  btir","570"
"ARGENTRE-DU-PLESSIS","Vente terrain  btir","0"
"MONTREUIL-SOUS-PEROUSE","Vente terrain  btir","76"
"MONTERBLANC","Vente terrain  btir","110"
"PLOEREN","Vente terrain  btir","319"
"BILLIERS","Vente terrain  btir","812"
"VANNES","Vente terrain  btir","13860"
"SARZEAU","Vente terrain  btir","186"
"ARRADON","Vente terrain  btir","0"
"PLOEMEUR","Vente terrain  btir","456"
"PONT-SCORFF","Vente terrain  btir","0"
"KERVIGNAC","Vente terrain  btir","216"
"PLOUAY","Vente terrain  btir","157"
"RIANTEC","Vente terrain  btir","0"
"INZINZAC-LOCHRIST","Vente terrain  btir","106"
"GROIX","Vente terrain  btir","0"
"QUEVEN","Vente terrain  btir","0"
"PLUNERET","Vente terrain  btir","154"
"CRACH","Vente terrain  btir","562"
"BRECH","Vente terrain  btir","171"
"PLUMERGAT","Vente terrain  btir","1178"
"LOCMARIAQUER","Vente terrain  btir","2059"
"LANDEVANT","Vente terrain  btir","0"
"BIGNAN","Vente terrain  btir","42"
"PLOERMEL","Vente terrain  btir","89"
"NOYAL-PONTIVY","Vente terrain  btir","113"
"MESLAN","Vente terrain  btir","0"
"LE SOURN","Vente terrain  btir","137"
"GUISCRIFF","Vente terrain  btir","0"
"GUERN","Vente terrain  btir","0"
"GOURIN","Vente terrain  btir","18"
"TREGUEUX","Vente terrain  btir","82"
"PLOUVARA","Vente terrain  btir","69"
"ERQUY","Vente terrain  btir","317"
"LANDEHEN","Vente terrain  btir","4057"
"LANGUEUX","Vente terrain  btir","115"
"MATIGNON","Vente terrain  btir","96"
"CREHEN","Vente terrain  btir","108"
"LANGROLAY-SUR-RANCE","Vente terrain  btir","358"
"SAINT-CAST-LE-GUILDO","Vente terrain  btir","0"
"SAINT-JACUT-DE-LA-MER","Vente terrain  btir","0"
"PLOUER-SUR-RANCE","Vente terrain  btir","148"
"LANNION","Vente terrain  btir","102"
"KERMARIA-SULARD","Vente terrain  btir","54"
"LA FORET-FOUESNANT","Vente terrain  btir","110"
"PLONEOUR LANVERN","Vente terrain  btir","87"
"GUENGAT","Vente terrain  btir","64"
"PLUGUFFAN","Vente terrain  btir","103"
"BRIEC","Vente terrain  btir","424"
"CLOHARS CARNOET","Vente terrain  btir","136"
"ROSPORDEN","Vente terrain  btir","185"
"SAINT YVI","Vente terrain  btir","0"
"SAINT RENAN","Vente terrain  btir","0"
"GUILERS","Vente terrain  btir","223"
"GOUESNOU","Vente terrain  btir","179"
"BREST","Vente terrain  btir","0"
"LE CONQUET","Vente terrain  btir","0"
"BRELES","Vente terrain  btir","0"
"BOHARS","Vente terrain  btir","0"
"PLOUGASTEL-DAOULAS","Vente terrain  btir","155"
"DINEAULT","Vente terrain  btir","0"
"KERLAZ","Vente terrain  btir","64"
"BOURGBARRE","Vente terrain  btir","0"
"BETTON","Vente terrain  btir","448"
"SAINT-ERBLON","Vente terrain  btir","1138"
"SERVON-SUR-VILAINE","Vente terrain  btir","181"
"MONTAUBAN-DE-BRETAGNE","Vente terrain  btir","200"
"BRETEIL","Vente terrain  btir","240"
"SAINT-GILLES","Vente terrain  btir","333"
"LANGAN","Vente terrain  btir","0"
"JANZE","Vente terrain  btir","0"
"VAL-COUESNON","Vente terrain  btir","119"
"LA SELLE-EN-LUITRE","Vente terrain  btir","34"
"LOUVIGNE-DU-DESERT","Vente terrain  btir","42"
"BAULON","Vente terrain  btir","0"
"COMBLESSAC","Vente terrain  btir","0"
"TRESSE","Vente terrain  btir","0"
"CANCALE","Vente terrain  btir","1249"
"VITRE","Vente terrain  btir","0"
"PEAULE","Vente terrain  btir","0"
"LARMOR-PLAGE","Vente terrain  btir","1001"
"GESTEL","Vente terrain  btir","165"
"LANESTER","Vente terrain  btir","198"
"AURAY","Vente terrain  btir","202"
"CARNAC","Vente terrain  btir","32998"
"LE BONO","Vente terrain  btir","139"
"GUER","Vente terrain  btir","0"
"PONTIVY","Vente terrain  btir","1974"
"PLOURHAN","Vente terrain  btir","0"
"BINIC-ETABLES-SUR-MER","Vente terrain  btir","1182"
"PAIMPOL","Vente terrain  btir","0"
"LANCIEUX","Vente terrain  btir","140"
"BOBITAL","Vente terrain  btir","77"
"QUEVERT","Vente terrain  btir","90"
"TRELIVAN","Vente terrain  btir","0"
"PLEVEN","Vente terrain  btir","0"
"TREGASTEL","Vente terrain  btir","0"
"TREBEURDEN","Vente terrain  btir","0"
"LE LOSCOUET-SUR-MEU","Vente terrain  btir","0"
"TREFFIAGAT","Vente terrain  btir","0"
"DOUARNENEZ","Vente terrain  btir","85"
"BENODET","Vente terrain  btir","0"
"PLOMELIN","Vente terrain  btir","202"
"LOCTUDY","Vente terrain  btir","52"
"PONT L ABBE","Vente terrain  btir","389"
"ILE TUDY","Vente terrain  btir","150"
"MAHALON","Vente terrain  btir","0"
"BAYE","Vente terrain  btir","206"
"TOURCH","Vente terrain  btir","129"
"LANGOLEN","Vente terrain  btir","0"
"ARZANO","Vente terrain  btir","0"
"NEVEZ","Vente terrain  btir","0"
"PLOUGUIN","Vente terrain  btir","74"
"LAMPAUL-PLOUDALMEZEAU","Vente terrain  btir","130"
"PLOUARZEL","Vente terrain  btir","0"
"LOCMARIA-PLOUZANE","Vente terrain  btir","686"
"LESNEVEN","Vente terrain  btir","0"
"DAOULAS","Vente terrain  btir","0"
"LANDERNEAU","Vente terrain  btir","485"
"LE RELECQ-KERHUON","Vente terrain  btir","149"
"PLOUVIEN","Vente terrain  btir","736"
"CROZON","Vente terrain  btir","23"
"PLOMODIERN","Vente terrain  btir","0"
"CAMARET-SUR-MER","Vente terrain  btir","0"
"LANMEUR","Vente terrain  btir","0"
"GUIMILIAU","Vente terrain  btir","307"
"SANTEC","Vente terrain  btir","0"
"SAINT-GREGOIRE","Vente terrain  btir","398"
"MONTREUIL-LE-GAST","Vente terrain  btir","279"
"PACE","Vente terrain  btir","0"
"SAINT-GERMAIN-SUR-ILLE","Vente terrain  btir","131"
"PLEUMELEUC","Vente terrain  btir","505"
"LIFFRE","Vente terrain  btir","182"
"CHEVAIGNE","Vente terrain  btir","226"
"SAINT-SULPICE-LA-FORET","Vente terrain  btir","166"
"CHANCE","Vente terrain  btir","0"
"SAINT-AUBIN-D AUBIGNE","Vente terrain  btir","278"
"FEINS","Vente terrain  btir","0"
"BAILLE","Vente terrain  btir","0"
"TEILLAY","Vente terrain  btir","0"
"LA GOUESNIERE","Vente terrain  btir","123"
"SAINT-LUNAIRE","Vente terrain  btir","1947"
"LA FRESNAIS","Vente terrain  btir","158"
"PLEINE-FOUGERES","Vente terrain  btir","386"
"MUZILLAC","Vente terrain  btir","844"
"SAINT-NOLFF","Vente terrain  btir","123"
"ALLAIRE","Vente terrain  btir","7480"
"THEIX-NOYALO","Vente terrain  btir","199"
"SAINT-AVE","Vente terrain  btir","0"
"AMBON","Vente terrain  btir","0"
"NIVILLAC","Vente terrain  btir","112"
"MARZAN","Vente terrain  btir","100"
"LAUZACH","Vente terrain  btir","0"
"LOCQUELTAS","Vente terrain  btir","153"
"SAINT-GILDAS-DE-RHUYS","Vente terrain  btir","0"
"RIEUX","Vente terrain  btir","27"
"SAINT-LAURENT","Vente terrain  btir","0"
"BADEN","Vente terrain  btir","0"
"GRANDCHAMP","Vente terrain  btir","687"
"PLOUHINEC","Vente terrain  btir","0"
"PORT-LOUIS","Vente terrain  btir","924"
"GUIDEL","Vente terrain  btir","0"
"PLOEMEL","Vente terrain  btir","0"
"RUFFIAC","Vente terrain  btir","0"
"MONTENEUF","Vente terrain  btir","86"
"PORCARO","Vente terrain  btir","0"
"LOCMINE","Vente terrain  btir","599"
"EVELLYS","Vente terrain  btir","0"
